tweet_id,engagement_count
100003,18
100005,17
100008,30
100019,99
100022,12
100039,17
100040,32
100050,237
100051,70
100064,57
100068,110
100069,151
100070,246
100074,332
100077,392
100084,1
100085,3
100087,3
100096,2
100097,0
100099,4
100103,3
100106,6
100118,72
100119,76
100127,48
100136,17
100144,2
100147,67
100149,0
100152,0
100153,0
100156,0
100160,0
100161,1
100165,1
100171,0
100174,0
100178,2
100182,2
100183,0
100188,0
100190,0
100192,0
100195,2
100196,9
100202,9
100208,7
100219,1
100220,8
100221,4
100226,0
100227,1
100235,9
100237,16
100238,0
100241,4
100243,10
100246,0
100247,42
100251,12
100253,0
100268,0
100270,3
100272,0
100273,1
100276,0
100279,1
100280,0
100287,0
100288,0
100289,22
100291,56
100292,18
100293,20
100299,7
100303,5
100307,5
100317,5
100323,5
100324,15
100325,6
100328,9
100329,12
100332,6
100335,8
100338,0
100347,7
100355,12
100356,8
100359,6
100361,8
100366,9
100369,11
100374,11
100378,59
100379,136
100380,9
100381,6
100385,0
100389,0
100393,9
100394,12
100395,7
100405,10
100413,8
100415,13
100418,0
100419,6
100420,1
100422,1
100423,17
100426,0
100447,0
100448,0
100450,0
100454,0
100459,0
100460,0
100463,0
100464,0
100465,16
100468,5
100472,4
100478,1
100479,4
100484,3
100487,2
100488,4
100493,1
100494,1
100495,1
100496,2
100500,1
100502,1
100505,8
100507,1
100523,3
100525,7
100526,3
100528,1
100531,2
100540,0
100542,1
100543,0
100550,2
100551,0
100561,51
100564,96
100569,11
100573,77
100574,0
100575,10
100578,0
100580,0
100581,11
100582,1
100584,5
100587,20
100591,1
100600,26
100602,42
100603,3
100606,7
100610,0
100613,0
100614,1
100620,2
100621,1
100622,1
100623,0
100625,1
100627,1
100636,0
100642,14
100643,14
100645,0
100649,1
100655,1
100659,26
100660,2
100661,7
100662,25
100664,23
100665,1
100668,16
100669,27
100673,1
100674,0
100675,0
100691,12
100695,0
100696,0
100697,1
100699,5
100707,0
100709,3
100710,2
100714,3
100715,4
100729,1
100737,18
100743,14
100745,27
100747,7
100750,11
100752,13
100755,24
100756,14
100764,10
100771,6
100786,0
100788,0
100790,0
100795,1
100796,0
100800,0
100801,1
100804,0
100812,0
100815,0
100816,0
100820,1
100823,2
100830,0
100833,0
100840,0
100846,0
100849,0
100854,2
100856,1
100858,1
100859,13
100861,1
100862,0
100863,2
100866,1
100867,5
100870,0
100871,0
100873,0
100875,4
100881,0
100886,3
100891,1
100892,0
100898,1
100899,0
100904,0
100907,2
100910,0
100913,1
100918,2
100920,0
100922,1
100923,0
100924,2
100927,5
100928,3
100930,6
100935,2
100936,0
100939,4
100940,1
100943,9
100945,470
100947,12
100950,2921
100952,1302
100953,2080
100956,1308
100958,1633
100965,1600
100974,652
100990,1
100996,0
100997,15
101000,0
101018,15
101021,10
101035,20
101042,4
101044,3
101045,5
101047,10
101050,0
101057,20
101064,0
101072,9
101080,20
101086,1
101087,4
101093,25
101100,87
101104,107
101108,104
101109,91
101110,70
101113,63
101114,86
101117,88
101118,96
101119,69
101131,3
101133,8
101143,1
101150,1
101152,0
101156,2
101161,6
101167,2
101168,0
101170,2
101172,2
101173,3
101175,1
101193,8
101194,4
101195,0
101196,0
101199,24
101200,31
101206,10
101212,10
101213,11
101214,6
101217,7
101229,12
101231,11
101235,0
101236,0
101237,11
101247,52
101249,8
101266,1
101271,1
101274,0
101280,1
101282,0
101291,1
101299,0
101301,0
101305,0
101307,0
101308,0
101311,0
101322,0
101327,0
101331,0
101333,0
101340,1
101342,1
101345,2
101350,2
101360,1
101361,1
101382,4
101387,1
101389,1
101396,22
101398,3
101399,6
101400,2
101405,1
101413,3
101421,0
101422,0
101437,3
101438,0
101440,2
101444,0
101445,0
101452,2
101456,0
101459,0
101465,18
101476,0
101477,36
101482,78
101484,0
101490,15
101491,85
101494,0
101510,0
101512,0
101513,0
101520,0
101530,0
101531,1
101534,0
101536,0
101537,0
101538,1
101543,13
101544,22
101545,19
101548,29
101557,15
101571,15
101578,1
101586,5
101595,1
101596,28
101598,6
101600,7
101602,6
101607,8
101622,0
101623,0
101626,0
101633,0
101637,0
101643,9
101644,1
101645,0
101650,0
101652,3
101659,23
101661,30
101663,20
101668,5
101669,0
101672,0
101676,1
101678,0
101680,1
101683,0
101685,3
101693,0
101722,2
101725,2
101729,3
101731,1
101735,0
101745,0
101747,0
101750,0
101752,0
101757,0
101761,0
101762,1
101763,0
101768,5
101770,8
101783,22
101784,10
101787,7
101792,4
101793,8
101795,4
101796,3
101797,4
101799,3
101800,4
101803,1
101804,1
101805,2
101806,1
101813,0
101824,0
101828,0
101833,0
101837,170
101840,78
101848,80
101853,406
101856,31
101858,25
101867,3
101870,4
101871,6
101879,5
101889,20
101892,14
101899,1
101901,0
101902,2
101903,0
101907,0
101908,0
101910,0
101914,0
101916,0
101926,0
101928,1
101929,0
101931,0
101932,0
101934,0
101936,0
101939,2
101958,27
101961,104
101969,26
101971,25
101979,34
101980,52
101981,88
101982,51
101984,31
101989,66
101995,69
101998,73
102021,24
102022,15
102026,61
102029,124
102033,35
102037,0
102038,0
102047,0
102048,0
102049,1
102056,0
102068,0
102069,0
102074,0
102087,1
102098,5
102107,1805
102108,8
102109,398
102110,89
102111,348
102112,6
102117,91
102127,31
102129,66
102130,113
102133,781
102141,901
102144,183
102145,217
102147,699
102155,11
102157,2239
102161,73
102165,5
102167,25
102170,17
102171,87
102181,31
102186,201
102187,1002
102189,310
102195,1280
102202,436
102204,530
102205,809
102208,1300
102210,7487
102212,2269
102213,1686
102215,2869
102222,2377
102224,244
102228,581
102241,129
102245,80
102247,262
102248,156
102256,244
102272,3694
102273,290
102274,3811
102276,1818
102278,799
102284,34
102292,308
102293,176
102297,4
102300,1
102305,15
102307,1
102321,18
102322,2677
102324,23
102326,7
102328,915
102338,302
102340,14
102342,2
102347,3
102349,2
102353,123
102362,4
102368,328
102373,28
102374,8
102375,62
102376,237
102380,0
102384,223
102385,680
102386,165
102390,36
102404,230
102407,683
102408,291
102416,5
102418,129
102420,5264
102422,7571
102424,6946
102431,18
102432,189
102438,8021
102446,49
102447,834
102448,43
102452,72
102459,28
102464,26
102466,16
102472,20
102476,18
102478,37
102484,33
102493,22
102499,12
102500,333
102502,1178
102505,1620
102510,715
102512,8
102514,13
102515,6
102516,22
102521,130
102530,62
102532,152
102534,1027
102539,66
102542,2804
102543,74
102545,3
102552,1109
102553,12
102557,72
102564,50
102572,46
102579,47
102582,46
102588,34
102590,62
102591,16
102594,47
102597,50
102611,35
102615,30
102622,50
102625,81
102626,72
102638,1536
102641,11755
102642,3801
102643,736
102652,818
102654,199
102657,208
102665,752
102673,1
102677,1920
102678,5339
102679,15
102681,44
102689,19
102693,10
102701,54
102714,46
102720,1
102724,1
102728,121
102737,1
102739,99
102743,30
102744,232
102748,35
102751,56
102754,37
102761,4641
102763,2362
102773,6
102780,1
102783,2
102786,2
102793,1
102798,90
102807,293
102808,239
102812,8
102813,336
102814,421
102817,2
102819,2
102820,1
102824,214
102825,211
102827,4
102842,62
102844,171
102855,2
102859,126
102863,1
102864,2
102866,45
102870,3
102872,18
102873,3
102879,94
102880,70
102884,239
102887,169
102892,102
102893,69
102900,40
102903,147
102906,4
102914,467
102915,115
102924,6
102930,1
102932,123
102933,260
102938,1
102944,295
102945,17
102946,47
102947,4
102948,6
102951,418
102956,22
102959,2
102962,41
102969,20
102970,4
102972,0
102973,0
102974,0
102976,0
102986,0
102992,0
102998,2
103002,1
103003,1
103004,5
103005,3
103008,4
103012,1
103017,1
103018,1
103020,6
103024,1
103026,1
103030,65
103031,80
103036,4
103037,4
103040,11038
103042,2
103043,3
103054,26
103063,1720
103064,104
103065,21
103068,91
103076,3941
103081,54
103086,22
103093,9806
103097,8501
103109,1
103110,11
103112,2
103113,1
103116,77
103117,3
103118,6
103129,3
103132,0
103134,471
103136,6
103138,173
103139,152
103156,0
103158,0
103165,0
103167,5
103169,0
103175,14
103176,78
103186,44
103193,24
103194,20
103198,4
103204,20
103209,7
103217,37
103225,79
103226,4
103228,0
103231,0
103236,1
103237,0
103241,2
103248,0
103259,6
103263,3
103268,6
103271,2
103276,13
103281,30
103283,535
103289,8
103293,0
103297,123
103300,9
103308,0
103314,1
103317,0
103321,1
103322,1
103332,0
103335,1
103338,1
103341,16
103348,3
103351,2
103354,1
103358,1
103361,0
103362,0
103364,1
103366,19
103376,1544
103378,16
103379,1340
103382,15
103383,54
103386,0
103394,1
103396,11
103399,21
103404,341
103412,2
103413,124
103414,0
103415,125
103420,3
103423,0
103426,1
103435,33
103440,6866
103441,37
103444,1739
103445,13022
103446,13523
103449,44
103451,81
103462,35
103466,19
103467,5
103470,0
103471,2
103486,1
103495,0
103496,0
103498,2
103499,0
103505,2
103510,84
103511,221
103521,1
103522,4
103523,2
103534,7
103539,0
103541,205
103542,164
103551,3
103552,168
103556,2
103557,0
103559,2
103560,0
103572,0
103573,0
103575,232
103577,226
103585,33
103595,1438
103596,65
103605,321
103606,578
103607,725
103610,9
103614,16
103617,56
103619,1
103620,47
103622,1029
103629,83
103634,32
103635,15
103638,33
103648,86
103649,69
103651,22
103657,382
103663,42
103670,14
103671,283
103675,412
103676,18
103681,10
103689,494
103691,523
103692,563
103699,70
103708,11
103712,60
103717,30
103718,69
103719,58
103720,0
103725,87
103727,326
103728,419
103731,425
103732,391
103734,402
103735,453
103740,94
103748,28
103759,44
103768,64
103776,43
103781,41
103785,2
103790,1
103791,3
103797,4
103798,5
103807,11
103812,0
103813,6
103817,13
103819,47
103823,32
103830,8121
103831,3690
103832,8539
103834,418
103838,28
103839,473
103845,2
103846,0
103859,47
103861,3
103863,1
103867,1
103869,0
103873,26
103879,1
103882,1
103888,2
103895,1
103898,41
103907,77
103910,1
103916,158
103918,779
103920,1569
103921,473
103922,104
103923,172
103924,8878
103932,660
103933,1404
103934,34
103935,5130
103938,19
103944,22
103947,17
103954,1
103957,3
103959,316
103966,22
103973,5
103977,28
103978,79
103979,13
103982,20
103986,22
103994,20
103995,16
103996,18
103999,10
104000,32
104001,24
104012,17
104013,21
104024,124
104030,0
104032,117
104038,3
104039,24
104040,48
104043,10
104044,77
104047,1
104048,38
104050,18
104051,4
104052,65
104053,49
104056,1
104067,4
104070,126
104071,26
104074,10
104078,662
104079,168
104084,3
104090,1
104100,4
104103,23
104105,46
104106,2
104109,1
104111,7
104117,3
104119,13
104120,8
104126,21
104127,2
104132,0
104134,1
104135,1
104145,1
104149,1
104150,2
104157,3
104159,1
104167,1764
104168,993
104172,2568
104176,759
104177,75
104181,67
104183,1225
104186,1073
104191,2484
104193,890
104198,10
104206,0
104213,9
104214,0
104215,34
104217,33
104218,2
104222,5
104226,2
104228,3
104233,20
104237,20
104239,12
104251,0
104252,0
104265,6
104273,5974
104274,3
104276,1
104283,1
104295,0
104299,0
104300,3
104301,2
104302,0
104303,2
104306,1
104310,0
104312,1
104315,1
104318,4
104320,1
104321,1
104325,12
104329,31
104331,26
104336,46
104339,2
104346,3
104348,40
104350,5
104354,0
104355,4
104356,1
104358,1
104365,0
104366,2
104370,5
104371,1
104377,54
104379,2
104384,62
104390,1
104399,14
104403,0
104405,130
104406,1
104411,0
104412,1
104413,0
104416,1
104418,2
104424,287
104429,78
104434,16
104437,14
104439,4
104440,3
104443,3
104444,1
104452,2
104453,4
104457,5
104465,25
104467,13
104469,47
104475,5
104486,5
104487,8
104488,2
104492,2
104493,33
104494,12
104503,2
104506,2
104510,149
104512,1
104514,10
104520,9
104526,5
104528,1
104530,7
104535,12
104540,9
104541,13
104548,3
104549,1
104551,8
104553,1
104556,2
104561,0
104563,28
104566,0
104569,0
104575,4
104579,2
104580,0
104582,8
104591,13
104594,26
104597,9
104599,13
104611,108
104612,11
104620,2
104623,1
104633,3
104635,4
104638,2
104648,3
104651,7
104655,244
104667,140
104670,140
104675,5
104677,8
104679,3
104680,5
104683,3
104686,2
104693,2
104694,1
104701,5
104706,0
104713,0
104714,404
104719,3
104722,2
104730,1
104734,1
104742,1
104743,1
104744,1
104748,61
104749,46
104751,76
104754,0
104756,1
104762,5
104764,40
104766,33
104769,39
104774,22
104778,75
104780,60
104790,82
104791,2114
104795,104
104801,28
104809,3
104816,6
104817,0
104819,10
104820,8
104824,19
104827,0
104834,4
104837,38
104844,66
104852,41
104858,226
104868,19
104869,13
104877,20
104878,3
104881,547
104883,250
104887,29
104891,152
104892,35
104900,0
104912,0
104917,3
104922,0
104924,0
104928,0
104935,3
104939,242
104940,792
104941,964
104944,241
104948,727
104950,532
104956,701
104957,166
104961,974
104969,951
104971,849
104972,633
104976,141
104978,456
104981,1768
104992,5324
104993,3422
104999,16
105003,4828
105005,654
105008,5
105010,17
105012,26
105030,24
105031,1
105038,10
105040,1
105043,2
105047,1
105048,4
105054,0
105058,3
105067,1
105070,22
105071,10
105072,8
105081,3
105090,3216
105091,5940
105095,11398
105096,2300
105107,0
105118,0
105125,20
105131,5
105133,176
105137,226
105146,349
105152,298
105154,151
105157,12743
105163,3
105164,14
105166,1
105169,3
105179,4
105186,1
105187,2
105188,11
105189,4
105191,5
105195,12
105196,44
105197,351
105199,128
105200,77
105203,488
105207,2932
105212,536
105216,375
105218,59
105221,869
105223,10
105228,4
105234,0
105238,456
105240,0
105245,37
105251,4241
105253,4787
105257,3348
105269,1
105270,10
105271,0
105272,34
105276,43
105277,2
105279,3
105280,2
105282,2
105284,7
105285,2
105287,5
105288,0
105289,2
105290,2538
105297,125
105300,1139
105314,911
105316,55
105321,9366
105323,24
105324,35
105338,325
105349,578
105352,225
105354,1
105359,108
105365,251
105381,41
105389,0
105400,2
105401,3
105407,2
105409,1
105413,1
105414,4
105415,63
105418,6
105420,6
105421,5
105429,11
105443,113
105455,0
105459,21
105467,149
105468,918
105473,670
105476,858
105477,3
105480,3
105482,1460
105483,122
105485,24
105486,676
105489,255
105490,294
105493,160
105497,1
105499,32
105510,3
105511,6
105513,13
105517,4
105521,6
105522,18
105525,4
105535,13
105541,534
105542,497
105547,530
105551,577
105553,550
105554,548
105556,515
105558,100
105559,221
105565,836
105566,2513
105575,33
105577,1
105585,0
105586,0
105592,0
105596,0
105600,1
105604,0
105610,1
105612,1
105630,0
105631,0
105633,0
105637,0
105640,0
105641,0
105646,1
105647,0
105649,5
105660,12
105671,8
105672,8
105675,3
105678,8
105679,7
105681,6
105683,0
105690,3687
105692,1237
105693,17
105694,184
105698,6
105708,4
105715,230
105719,142
105728,370
105731,1336
105739,297
105740,338
105744,867
105745,52
105746,499
105747,232
105749,15
105752,0
105767,3
105771,1
105773,61
105776,0
105780,7033
105781,7033
105784,0
105792,4470
105799,6890
105801,2516
105803,9122
105812,1
105814,0
105820,2
105821,47
105823,1
105834,1
105841,3
105849,0
105856,14
105858,0
105860,0
105865,2
105868,0
105873,0
105874,0
105876,0
105880,1
105882,0
105883,3
105885,1
105886,2
105887,3
105891,3
105892,2
105893,4
105895,16
105896,0
105898,2
105900,4
105903,9
105904,41
105905,3
105908,5
105910,2
105919,17
105927,2
105933,237
105942,287
105946,218
105947,1176
105960,742
105961,410
105963,342
105966,139
105967,221
105977,2
105982,0
105984,0
105988,0
105992,0
105993,0
105998,0
105999,0
106001,0
106006,0
106012,0
106015,0
106019,319
106033,18
106036,169
106044,6
106045,28
106047,187
106054,27
106059,84
106061,94
106073,57
106078,110
106079,56
106082,36
106085,59
106102,2
106107,9
106108,9
106113,9
106119,8
106125,11
106126,11
106139,11
106143,7
106144,7
106150,11
106151,9
106160,12
106167,12
106176,7
106187,65
106192,53
106193,57
106196,0
106198,1
106204,3
106216,1
106217,1
106223,1
106224,2
106225,1
106229,0
106231,2
106235,4
106236,0
106240,13
106244,3
106246,7
106254,14
106258,18
106259,6
106269,28
106272,0
106275,0
106276,13
106283,4
106285,0
106290,1
106297,135
106298,171
106302,3
106305,45
106308,92
106310,16
106311,220
106326,521
106330,0
106336,0
106338,0
106348,0
106353,0
106355,0
106359,22
106364,130
106369,114
106371,58
106373,65
106378,105
106379,69
106382,67
106384,16
106386,22
106393,2770
106394,3515
106404,9
106418,0
106419,1
106420,0
106422,0
106423,0
106425,0
106432,0
106434,21
106435,2
106436,70
106437,10
106443,0
106444,34
106446,2
106448,5
106449,3
106459,0
106461,15
106463,15
106464,38
106466,116
106475,87
106488,162
106491,290
106492,1
106493,210
106494,0
106496,1
106507,1
106509,1
106514,1
106519,0
106521,0
106528,1
106530,0
106531,0
106533,1
106543,1
106546,6
106548,1
106555,0
106556,8
106559,1
106563,9
106564,1
106567,0
106570,17
106571,108
106573,95
106574,500
106576,2
106579,42
106580,58
106583,7
106584,209
106586,2
106590,2
106592,253
106611,809
106614,74
106627,20
106629,21
106638,24
106639,11
106641,12
106642,18
106644,38
106646,27
106649,13
106653,32
106659,32
106661,21
106664,30
106665,24
106669,9
106670,32
106673,622
106682,1538
106686,7
106687,13
106692,9
106695,4
106697,136
106699,15
106700,11
106704,0
106705,7
106706,586
106709,204
106712,16
106713,70
106717,171
106719,24
106722,671
106730,13710
106738,7
106739,3
106743,2
106745,24
106747,0
106751,20
106757,1
106758,26
106760,1
106761,8
106762,0
106766,32
106769,0
106770,38
106778,1
106780,0
106782,0
106784,1
106787,45
106790,57
106791,74
106796,108
106799,0
106810,18
106812,1
106815,175
106818,1
106821,139
106832,1
106844,211
106851,0
106855,98
106860,2
106869,0
106882,3
106884,1
106885,4
106891,1
106893,0
106894,5
106898,13
106903,373
106904,20
106906,237
106912,11
106919,1
106938,1
106939,2
106958,351
106967,243
106970,16394
106973,114
106975,9926
106977,9514
106978,1235
106988,7179
106990,529
106995,130
106996,135
107002,40
107003,22
107004,95
107005,20
107012,30
107014,2445
107022,30
107023,9
107027,0
107030,26
107031,83
107041,17
107042,58
107054,21
107062,116
107064,21
107067,1
107070,4
107073,2
107078,31
107083,11
107091,1
107092,0
107094,16
107096,3
107097,24
107100,113
107108,2
107112,142
107113,344
107115,776
107117,566
107125,589
107135,734
107136,483
107137,602
107139,431
107153,50
107158,136
107159,40
107162,91
107172,126
107173,42
107175,3
107176,173
107184,8
107186,0
107187,12
107188,1
107190,3
107191,1
107192,16
107195,4
107201,6
107202,333
107204,440
107210,143
107211,11
107223,1
107226,0
107228,0
107231,12
107233,10
107238,12
107244,196
107245,12
107247,10
107249,11
107251,17
107256,129
107259,10
107260,9
107261,16
107263,20
107266,8
107269,10
107270,9
107271,336
107273,482
107280,460
107286,290
107289,310
107295,448
107297,195
107304,208
107306,267
107308,437
107310,134
107321,243
107322,225
107324,686
107325,0
107326,4
107327,2
107330,1
107335,3
107342,1
107343,19
107348,2
107349,1
107352,4
107357,1
107360,38
107362,0
107375,6
107379,1
107387,3
107392,75
107393,2
107394,1
107416,17
107421,28
107422,0
107427,25
107429,6
107430,12
107434,26
107436,25
107441,25
107447,20
107453,22
107461,0
107466,1
107468,9
107471,0
107477,26
107487,7
107488,1
107492,4
107498,1
107499,7
107500,2
107505,0
107506,0
107517,1
107519,39
107524,75
107525,30
107526,48
107529,220
107531,53
107534,59
107541,92
107543,118
107561,18
107562,19
107564,28
107566,0
107574,4
107580,0
107582,0
107591,0
107595,8
107597,1889
107601,28
107605,1
107608,1
107615,53
107623,289
107625,3
107629,402
107640,0
107654,78
107663,403
107688,3
107689,3
107692,8
107702,9
107707,648
107710,187
107711,46
107717,0
107718,0
107720,0
107722,35
107724,37
107725,582
107730,25
107735,0
107738,22
107739,3
107744,19
107745,6
107746,6
107747,7
107751,16
107761,37
107769,169
107772,80
107776,200
107778,54
107782,1
107783,0
107787,578
107791,88
107794,4
107798,36
107806,69
107808,28
107812,3
107817,27
107819,19
107827,8
107833,6
107835,6
107836,0
107837,1
107838,0
107840,10
107849,16
107852,3
107854,12
107856,1
107860,1
107862,1
107873,1
107877,0
107880,7
107881,4
107882,1
107886,0
107889,1
107892,0
107894,44
107902,226
107903,742
107904,176
107914,23
107916,98
107920,34
107921,197
107927,120
107930,17
107931,40
107932,71
107937,56
107940,39
107942,33
107949,39
107956,30
107961,72
107964,22
107968,89
107983,693
107988,110
108004,34
108010,51
108015,2
108017,1
108018,1
108019,0
108021,54
108023,4
108024,1
108033,38
108039,5
108043,17
108044,18
108045,4
108052,57
108054,23
108057,44
108070,0
108074,0
108083,131
108086,157
108091,169
108095,170
108101,143
108113,183
108119,0
108120,2
108125,1
108129,5
108130,1
108134,2
108139,3
108145,3
108153,2
108154,0
108156,0
108157,0
108160,2
108161,1
108163,0
108164,1
108166,0
108172,0
108175,0
108177,3
108179,0
108180,2
108181,0
108183,0
108186,0
108195,10
108197,16
108198,14
108200,12
108201,25
108202,20
108203,21
108210,6
108217,5
108219,14
108221,2
108223,10
108233,1
108239,8
108243,1
108244,3
108257,723
108278,45
108292,4
108296,0
108298,1
108304,0
108305,0
108308,0
108312,0
108315,0
108317,0
108322,1
108329,0
108330,1
108331,0
108338,1
108343,7
108347,42
108353,62
108356,27
108361,39
108363,84
108365,19
108372,57
108373,5
108386,3
108387,1
108392,1
108393,1
108395,6
108397,0
108401,1
108405,1
108409,4
108421,62
108429,38
108430,2
108433,1
108434,2
108440,3
108448,122
108450,2
108451,3
108452,1
108455,349
108456,0
108457,2
108464,1127
108467,500
108468,3751
108472,3008
108477,1
108479,3
108482,4
108483,2
108491,79
108493,147
108495,60
108498,7
108500,14
108501,20
108505,80
108506,92
108510,40
108516,1
108521,0
108523,0
108530,0
108531,0
108533,0
108535,0
108545,0
108552,69
108553,142
108556,36
108558,2
108560,101
108568,13
108569,22
108572,3
108575,0
108577,8
108580,1
108584,1
108586,0
108591,2
108592,1
108593,3
108594,3
108597,1
108598,4
108599,1
108601,18
108605,25
108611,3
108615,19
108617,10
108621,12
108622,43
108627,3
108628,1
108641,5
108642,2
108643,2
108654,33
108656,12
108657,5
108667,21
108675,9
108679,11
108685,7
108691,32
108692,9
108694,15
108697,6
108699,15
108702,8
108706,0
108716,7
108719,3
108721,0
108724,7
108728,3
108733,6
108734,3
108741,8
108743,225
108748,17
108750,85
108751,18
108763,23
108765,0
108771,15
108772,11
108773,6
108774,10
108775,11
108777,103
108779,6
108782,99
108789,7
108807,122
108823,2269
108830,74
108846,0
108856,41
108865,45
108869,220
108870,31
108871,85
108875,14
108877,4
108891,6
108897,7
108901,0
108902,3
108904,1
108907,1
108909,10
108915,7
108918,6
108924,1
108926,2
108928,97
108932,1
108933,0
108934,0
108935,0
108937,0
108942,0
108944,4
108947,18
108948,8
108951,7
108953,66
108954,13
108955,7
108956,5
108957,28
108962,13
108965,16
108974,7
108976,2
108979,9
108987,685
109006,80
109009,3155
109012,19
109014,160
109017,76
109025,194
109027,65
109029,89
109031,83
109037,226
109038,193
109039,106
109041,72
109044,175
109045,131
109051,106
109052,3
109057,718
109058,12
109061,2
109066,3
109078,21
109082,22
109093,5
109098,3
109100,11
109104,6
109112,14
109119,22
109120,39
109123,24
109126,12
109129,108
109135,125
109139,152
109140,124
109142,29
109145,105
109146,21
109149,42
109152,29
109153,9
109165,76
109171,2
109173,0
109187,5
109190,14
109192,5
109194,2
109195,2
109197,79
109205,3
109208,5
109214,2
109219,620
109228,518
109230,704
109231,432
109237,566
109242,745
109247,974
109252,640
109256,20
109259,317
109265,10
109270,16
109271,126
109272,14
109280,361
109293,1
109295,4
109296,1
109305,0
109306,0
109307,1
109308,1
109310,1
109313,2
109316,1
109317,0
109318,1
109322,24
109324,1
109327,406
109328,5
109347,17
109351,94
109356,118
109361,1
109368,0
109372,1
109374,1
109379,0
109384,46
109389,87
109391,8
109393,2
109395,2
109400,0
109401,8
109405,25
109410,2
109411,4
109415,0
109417,1
109420,0
109425,37
109430,0
109436,25
109438,167
109439,628
109441,2
109443,21
109444,2
109445,5
109453,0
109456,12
109462,0
109464,2
109466,0
109469,0
109472,1
109478,1
109480,0
109483,0
109486,0
109487,3
109492,4
109497,4
109505,0
109508,7
109509,3
109511,11
109512,0
109513,42
109515,1
109530,1
109531,2
109535,0
109553,4
109554,3
109557,18
109559,1
109569,5
109584,1
109585,1
109593,4
109595,2
109596,2
109600,19
109602,12
109604,39
109606,18
109608,7
109613,6
109619,14
109620,6
109634,1
109635,0
109641,5
109651,0
109657,1
109658,1
109659,0
109667,2
109669,1
109675,0
109682,1
109685,1
109686,1
109687,2
109688,0
109693,0
109695,73
109696,6
109697,16
109698,5
109700,183
109702,10
109706,231
109711,16
109717,9
109719,211
109720,4
109722,13
109723,5
109732,85
109734,1061
109735,16
109736,11
109737,10
109743,9
109746,15
109749,44
109764,37
109771,4
109780,8
109785,8
109787,0
109788,0
109789,3
109794,1
109795,0
109798,0
109801,0
109804,0
109806,0
109808,0
109810,0
109813,0
109820,0
109822,0
109824,0
109829,0
109835,0
109840,1
109844,1
109849,0
109855,0
109861,25
109864,1
109867,31
109875,2
109879,4
109887,164
109895,32
109898,2
109899,1
109902,2
109904,15
109906,2
109907,2
109908,1
109909,1
109911,1
109912,0
109913,1
109914,0
109918,0
109922,16
109923,0
109925,2
109927,19
109928,2
109929,5
109931,0
109934,3
109939,76
109943,144
109944,3
109945,2
109948,0
109953,1
109964,57
109965,167
109966,122
109967,452
109973,294
109974,194
109976,157
109977,84
109987,211
109990,212
109995,16
109999,0
110002,4
110008,0
110009,18
110014,6
110018,72
110025,116
110027,130
110035,12
110040,146
110051,50
110052,61
110055,130
110060,1
110066,3
110069,6
110085,8
110092,2
110093,1
110095,6
110096,16
110101,7
110105,6
110119,1
110121,0
110126,0
110129,0
110134,0
110138,0
110147,1
110149,0
110150,0
110164,17
110165,0
110166,18
110174,6
110182,0
110186,1
110188,0
110191,0
110194,9
110200,0
110218,1
110224,0
110228,3
110229,1
110237,10
110238,3
110243,7
110246,0
110253,0
110257,2
110266,8
110268,6
110272,14
110275,14
110278,2
110281,43
110286,66
110287,0
110290,110
110296,33
110297,2
110299,71
110301,14
110302,16
110315,1
110323,1
110324,1
110336,0
110337,0
110348,0
110349,0
110352,2
110355,73
110359,38
110374,47
110375,28
110377,70
110379,18
110388,47
110394,36
110396,2
110398,24
110406,2
110408,13
110414,18
110415,10
110421,16
110423,10
110425,31
110428,4
110433,61
110436,52
110437,68
110440,55
110451,88
110456,11
110457,32
110461,126
110469,0
110471,0
110472,0
110477,0
110478,0
110479,0
110480,1
110487,3
110488,2
110494,0
110497,0
110510,10
110511,9
110512,11
110513,5
110515,11
110520,8
110522,7
110526,3
110528,2
110540,16
110548,34
110549,8
110552,8
110553,21
110556,13
110562,12
110575,28
110585,64
110587,38
110590,15
110592,25
110596,20
110600,11
110606,11
110607,2
110611,1
110614,0
110627,1
110631,0
110641,0
110643,0
110647,2
110649,0
110650,0
110657,3
110660,3
110663,2
110666,5
110667,8
110668,5
110671,1
110674,1
110678,1
110680,1
110687,22
110692,1
110693,8
110694,1
110698,3
110708,3
110715,18
110719,0
110720,0
110731,4
110733,0
110738,3
110742,1
110743,198
110745,2
110749,3
110752,376
110756,4
110759,256
110760,4
110762,376
110769,5
110775,1
110784,13
110787,0
110788,1
110792,28
110798,13
110802,6
110803,2
110814,83
110818,39
110821,8
110822,51
110828,16
110834,3
110836,1
110838,9
110840,1
110842,0
110848,27
110851,18
110852,14
110855,4
110856,20
110860,36
110861,22
110867,25
110868,15
110870,11
110872,7
110875,13
110888,1
110892,0
110894,0
110895,0
110896,1
110899,0
110900,1
110901,0
110907,0
110908,0
110920,0
110921,1
110930,0
110931,0
110938,11
110939,1
110947,0
110950,1
110952,0
110961,1
110965,7
110967,0
110969,0
110970,6
110976,14
110982,1
110986,25
110993,3
110999,5
111005,1
111009,23
111012,25
111013,1
111019,13
111024,9
111027,8
111031,14
111033,12
111036,5
111045,11
111046,6
111050,0
111056,15
111060,1
111061,1
111067,19
111069,1
111077,0
111082,17
111083,0
111084,0
111086,7
111091,5
111095,2
111099,4
111123,2
111129,3
111133,1
111139,0
111141,2912
111142,2268
111145,1045
111150,1861
111151,1609
111155,3
111157,2
111159,1
111162,3
111165,1
111166,0
111168,2
111173,1
111177,4
111183,11
111190,10
111194,20
111195,24
111205,44
111209,10
111212,18
111217,410
111218,7
111219,20
111225,7
111227,7
111231,68
111242,90
111247,92
111253,333
111254,131
111259,137
111260,454
111266,254
111267,123
111269,233
111271,750
111277,2
111278,6
111281,1
111282,1
111291,7
111292,1
111296,16
111300,35
111302,1
111322,5
111327,4
111346,12
111355,5
111356,3
111362,1
111371,1
111373,3
111375,6
111382,58
111388,106
111389,100
111391,52
111393,71
111394,367
111399,78
111400,245
111410,106
111413,2201
111417,499
111422,0
111432,12
111433,2
111434,89
111437,4
111444,2
111449,8
111451,0
111472,2
111474,3
111477,6
111483,1
111485,0
111486,1
111493,11
111495,0
111498,10
111515,42
111517,26
111520,5
111523,14
111524,0
111529,42
111538,81
111540,1
111545,8
111548,1
111550,2
111554,114
111555,1
111566,33
111573,2
111577,1
111582,0
111586,30
111591,27
111595,17
111603,5
111604,2
111606,2
111614,1
111618,3
111622,0
111623,0
111628,0
111630,11
111634,0
111638,8
111642,0
111643,0
111644,0
111646,0
111648,1
111654,209
111659,138
111660,4
111675,94
111678,95
111679,4
111690,5
111692,1
111699,2
111701,1
111704,0
111706,7
111711,0
111712,4
111715,28
111717,18
111718,17
111724,5
111727,34
111741,19
111742,34
111747,15
111756,1
111759,4
111761,3
111769,7
111771,14
111774,9
111775,5
111778,2
111781,9
111784,3
111788,0
111791,1
111792,2
111793,1
111800,1
111805,1
111806,5
111807,2
111809,2
111814,0
111815,0
111819,2
111822,1
111823,12
111828,91
111834,140
111837,113
111842,403
111843,577
111852,58
111853,674
111860,628
111874,4
111875,1
111880,1
111884,3
111885,5
111886,43
111887,1
111890,1
111891,4
111896,41
111901,3
111906,2
111908,1
111921,3
111925,20
111928,7
111935,16
111937,0
111938,7
111940,4
111946,57
111951,16
111954,0
111964,65
111973,464
111974,51
111978,2
111979,11
111990,6
111991,4
112001,1
112008,2
112009,2
112015,3
112029,5
112030,4
112033,10
112036,0
112041,1
112045,6
112046,2
112051,0
112056,0
112058,63
112062,14
112063,0
112064,0
112068,3
112075,1578
112083,1539
112084,1482
112092,1551
112093,1395
112095,571
112099,1067
112101,1104
112105,675
112111,16
112116,0
112118,9
112129,17
112130,12
112137,1
112143,3
112152,73
112155,77
112159,14
112161,47
112162,6
112169,0
112174,3
112180,1
112185,3
112188,2
112193,5
112195,5
112200,1
112205,4
112208,85
112214,71
112217,0
112220,0
112221,0
112225,1
112231,0
112236,0
112238,0
112240,0
112241,0
112248,0
112251,0
112266,0
112269,0
112273,7
112282,0
112288,0
112292,0
112299,0
112303,6
112304,6
112305,8
112306,6
112310,2
112312,6
112320,2
112324,2
112328,94
112329,6
112332,22
112340,1
112349,0
112351,2
112357,8
112367,6
112371,0
112374,0
112400,79
112401,71
112403,108
112406,65
112409,88
112410,50
112415,78
112417,76
112419,73
112422,85
112423,53
112424,41
112425,110
112427,46
112432,55
112436,0
112446,2
112454,16
112455,4
112461,2
112463,51
112471,1
112482,3
112500,1
112505,1
112506,1
112511,7
112517,0
112518,2
112519,1
112523,5
112528,1
112534,2
112535,0
112539,5
112543,4
112547,2
112549,2
112561,2
112566,0
112568,1
112569,1
112573,24
112574,10
112578,2
112580,5
112583,0
112584,4
112588,2
112591,3
112596,8
112602,0
112612,4
112614,1
112619,2
112623,1
112631,1
112632,0
112638,0
112640,1
112644,0
112647,0
112649,1
112650,0
112658,0
112659,0
112666,2
112672,0
112677,42
112686,4
112689,0
112690,1
112695,0
112701,1
112706,0
112707,14
112718,1
112722,0
112739,48
112748,0
112751,1
112752,1
112753,0
112758,183
112768,0
112772,0
112773,0
112777,0
112778,23
112779,0
112781,1
112787,1
112792,16
112796,14
112801,13
112804,334
112808,1
112811,6
112814,1
112823,6
112824,0
112835,7
112845,8
112856,2
112865,0
112866,4
112870,2
112871,15
112876,0
112883,18
112897,13
112898,3
112902,5
112904,5
112906,1
112910,0
112913,30
112915,0
112919,283
112921,19
112929,8
112933,35
112959,1
112962,1
112963,7
112967,5
112971,1
112973,26
112976,3
112977,14
112986,4
112988,32
112990,1
112991,45
112998,51
113008,11
113009,3
113014,2
113017,6
113020,5
113023,15
113024,1
113025,6
113026,399
113033,3
113036,6
113044,7
113048,2
113049,0
113052,6
113053,0
113055,0
113060,10
113066,4
113070,1
113074,3
113076,1
113080,0
113093,3
113109,0
113115,0
113118,0
113123,0
113124,0
113125,0
113131,1
113132,2
113141,0
113147,31
113152,28
113153,53
113155,52
113156,28
113162,1
113165,20
113167,26
113172,50
113174,34
113176,24
113178,28
113183,1
113185,1
113189,2
113193,1
113194,1
113199,0
113204,1
113209,3
113217,28
113218,10
113219,26
113222,13
113223,0
113228,2
113231,1
113235,25
113236,5
113237,2
113238,32
113239,17
113259,1
113261,2347
113269,28
113278,623
113288,1
113299,3
113305,8
113311,1
113312,75
113316,16
113317,2
113323,10
113324,0
113337,6
113342,21
113346,3
113357,6
113360,9
113364,1
113369,17
113373,15
113384,6
113388,15
113389,9
113401,2
113407,12
113408,5
113416,0
113418,2
113426,3
113427,0
113432,1
113435,0
113442,2
113447,1
113450,0
113458,1
113459,1
113466,5
113469,2
113476,2
113477,4
113478,7
113482,5
113493,23
113497,37
113501,10
113502,1
113514,7
113515,9
113516,10
113519,11
113521,4
113523,2
113527,5
113531,3
113533,0
113536,0
113540,1
113543,10
113545,0
113546,6
113548,0
113549,0
113551,1
113556,2
113559,1
113562,2
113564,4
113569,0
113573,5
113575,28
113577,4
113581,1
113586,6
113587,3
113595,1
113605,2
113609,3
113610,0
113614,2
113623,3
113637,0
113638,0
113641,0
113649,0
113650,1
113652,0
113660,0
113662,0
113663,0
113673,0
113676,0
113682,3
113687,1
113689,0
113690,0
113693,0
113694,0
113702,0
113709,38
113718,274
113723,425
113728,834
113729,1753
113731,2807
113739,732
113749,0
113750,0
113763,3
113776,1
113778,1
113784,2
113792,0
113796,1
113801,1
113810,10
113811,10
113812,8
113816,14
113817,9
113818,10
113820,10
113823,10
113824,20
113826,15
113828,153
113829,51
113830,56
113833,36
113845,2
113846,16
113851,1
113853,2
113855,2
113857,2
113859,0
113861,6
113865,13
113871,3
113877,10
113879,2
113880,8
113881,1
113885,0
113886,0
113890,0
113893,0
113897,0
113907,0
113909,0
113912,0
113914,0
113915,0
113917,0
113925,2
113928,4
113931,0
113933,1
113934,0
113935,0
113943,12
113944,10
113945,11
113946,4
113947,0
113948,0
113950,0
113957,3
113958,2
113965,9
113973,30
113984,17
113985,19
113991,5
113995,1
113998,0
114000,0
114007,0
114012,0
114014,0
114015,0
114017,0
114018,0
114025,2
114048,4
114049,1
114057,2
114062,4
114063,4
114065,3
114070,0
114072,27
114075,3
114076,27
114078,1
114079,19
114084,4
114086,2
114087,12
114088,3
114090,384
114094,0
114102,19
114104,4
114105,6
114109,5
114111,12
114117,2
114130,1
114138,3
114143,2
114149,7
114150,3
114151,0
114157,1
114166,4
114168,1
114170,4
114183,1
114188,0
114189,1
114194,1
114200,83
114205,9
114207,6
114210,4
114212,2
114216,1
114218,2
114219,9
114220,1
114228,2
114233,1
114236,2
114240,4
114252,0
114257,0
114261,0
114270,186
114272,1477
114274,1039
114277,16
114279,220
114281,0
114285,3
114291,8
114294,3
114297,1
114298,15
114300,10
114301,0
114311,9
114312,0
114321,4
114324,3
114326,3
114327,8
114329,5
114333,2
114334,0
114337,3
114342,38
114344,3
114345,5
114348,15
114351,3
114352,2
114360,5
114362,15
114364,0
114368,10
114370,3
114374,0
114379,1
114380,0
114383,0
114384,4
114385,2
114388,1
114391,0
114393,0
114394,3
114396,14
114400,2
114401,1
114403,0
114406,3
114426,1
114436,0
114439,1
114450,5
114454,0
114459,251
114464,71
114465,1
114479,16
114480,31
114488,1
114499,4
114503,1
114504,43
114506,0
114507,24
114510,47
114511,2
114512,13
114514,7
114515,4
114521,13
114524,1
114527,5
114529,0
114532,4
114535,15
114537,3
114542,10
114543,0
114547,4
114550,0
114554,10
114559,4
114562,42
114568,10
114571,117
114576,45
114578,39
114580,67
114581,178
114584,22
114588,20
114590,53
114594,34
114597,60
114599,62
114600,22
114613,0
114617,1
114618,0
114620,0
114630,0
114633,1
114634,1
114649,39
114650,365
114651,146
114668,28
114669,22
114670,6
114671,4
114677,52
114681,159
114689,17
114693,11
114694,22
114696,54
114697,71
114703,93
114717,48
114720,98
114721,28
114725,126
114728,91
114733,105
114738,110
114744,135
114749,839
114750,1416
114751,2136
114758,113
114764,206
114767,1338
114769,120
114774,24
114783,2
114787,35
114788,56
114793,51
114795,36
114799,63
114812,117
114817,113
114821,154
114822,114
114834,71
114843,148
114846,26
114859,54
114860,93
114862,79
114864,85
114865,36
114871,113
114873,58
114875,66
114881,20
114885,14
114886,12
114891,10
114893,8
114919,133
114921,3
114924,41
114926,25
114930,1
114939,2
114940,4
114942,3
114948,2
114952,0
114956,13
114959,9
114960,43
114963,4
114967,11
114973,12
114983,22
114984,222
114986,302
114987,1198
114989,5
114996,66
114998,102
115007,32
115009,6
115010,503
115019,2
115022,2
115023,10
115025,40
115028,3
115030,21
115032,93
115033,26
115035,2
115037,4
115042,12
115046,16
115047,9
115049,11
115050,10
115059,6
115061,0
115074,115
115078,66
115079,116
115082,70
115083,121
115087,243
115090,327
115091,74
115095,64
115100,66
115103,9
115108,13
115109,49
115113,32
115115,49
115120,19
115121,62
115125,64
115132,0
115136,2
115137,0
115140,5
115149,5
115150,11
115155,7
115156,6
115160,4
115162,6
115164,31
115176,60
115178,3
115183,141
115189,25
115191,1
115200,1
115202,2
115211,0
115216,0
115218,0
115223,30
115224,14
115227,15
115230,17
115237,76
115242,18
115246,26
115248,8
115249,18
115252,25
115255,1
115256,2
115258,0
115260,1
115264,10
115269,7
115270,8
115272,0
115273,1
115277,2
115278,3
115286,13
115292,22
115295,20
115297,3
115298,3
115299,23
115303,6
115305,294
115307,951
115309,954
115311,287
115322,153
115326,162
115327,665
115328,777
115330,967
115334,14
115338,63
115341,237
115347,82
115351,64
115360,42
115363,7
115369,3
115374,0
115375,3
115377,1
115390,10
115392,2
115393,20
115396,5
115398,12
115403,153
115405,169
115409,93
115412,398
115413,70
115414,138
115415,50
115418,59
115420,72
115426,0
115427,13
115436,5
115449,9
115457,0
115464,11
115472,15
115475,13
115484,0
115492,1
115496,34
115497,22
115498,2
115499,28
115500,1
115507,2
115508,7
115511,8
115515,21
115524,18
115531,11
115532,5
115533,3
115535,1
115536,0
115542,4
115545,5
115550,10
115556,18
115558,2
115560,11
115561,12
115568,10
115570,105
115571,9
115579,3
115580,0
115584,0
115602,5
115603,0
115612,0
115613,0
115617,2
115619,0
115621,12
115625,6
115626,13
115629,2
115634,3
115635,32
115639,1
115640,53
115643,11
115652,0
115654,401
115656,175
115658,21
115660,512
115663,48
115666,1
115667,97
115672,17
115673,629
115676,76
115680,93
115683,113
115685,30
115689,68
115690,56
115691,38
115695,71
115703,5
115705,87
115708,40
115710,18
115718,1
115726,1
115731,1
115737,2
115739,65
115743,12
115744,20
115746,10
115755,16
115757,5
115760,8
115763,24
115766,77
115767,15
115779,4
115785,14
115788,58
115789,11
115790,28
115795,3
115806,13
115810,0
115821,0
115823,15
115829,0
115842,3
115848,1
115849,2
115856,12
115859,1
115868,20
115871,43
115873,18
115878,6
115886,0
115889,15
115890,10
115894,3
115900,2
115901,2
115907,4
115912,5
115923,6
115928,27
115940,38
115942,36
115943,34
115950,34
115952,23
115955,2
115957,44
115962,916
115963,30
115964,1006
115969,1993
115971,5573
115974,20684
115984,22
115988,22
115991,23
115994,15
115996,29
116004,3
116010,4
116011,1
116016,7
116021,1
116028,2
116032,2
116034,0
116036,190
116037,25
116040,38
116048,33
116056,0
116059,26
116065,1
116066,4
116073,1
116074,24
116077,1
116078,3
116081,20
116094,2
116095,3
116096,8
116098,1
116100,4
116106,190
116107,54
116110,164
116117,131
116120,9
116122,3
116125,145
116128,96
116132,147
116136,18
116138,0
116139,10
116145,4
116149,17
116150,5
116177,123
116178,44
116179,5
116189,8
116191,4
116192,3
116196,0
116199,7
116208,6
116221,0
116225,1
116233,2
116237,0
116238,0
116242,0
116246,1
116249,0
116253,0
116255,65
116262,1
116271,0
116275,0
116276,0
116284,35
116287,0
116293,0
116300,0
116311,0
116322,0
116328,1
116336,0
116338,0
116340,1
116343,1
116346,2
116347,8
116355,42
116366,13
116367,22
116370,54
116372,48
116377,22
116382,12
116384,3
116388,25
116391,5
116392,3
116393,1
116400,24
116401,15
116407,2
116408,0
116413,1
116414,0
116420,2
116423,3
116424,3
116425,1
116429,0
116431,3
116433,0
116438,24
116446,36
116448,43
116449,57
116452,16
116454,144
116457,19
116458,17
116460,41
116468,14
116472,19
116473,11
116479,24
116491,94
116494,143
116500,201
116501,201
116507,189
116513,167
116514,192
116516,229
116517,229
116519,209
116524,219
116527,238
116529,257
116532,195
116537,212
116540,16
116541,10
116544,79
116548,25
116549,211
116551,8
116560,57
116564,5
116571,17
116582,10
116585,2
116590,11
116592,2
116601,11
116606,1
116610,0
116616,2
116617,0
116618,3
116619,0
116621,1
116633,184
116634,8
116635,2
116644,18
116645,25
116648,9
116650,5
116661,49
116665,1
116674,39
116675,1
116681,30
116685,30
116686,21
116687,23
116700,0
116718,1
116722,59
116723,5
116724,2
116728,1
116730,0
116734,136
116737,65
116741,7
116746,28
116750,25
116753,12
116759,10
116760,16
116763,28
116765,76
116775,4
116781,8
116784,3
116794,8
116797,6
116800,5
116802,1
116808,5
116811,1
116813,47
116817,21
116819,52
116820,99
116825,42
116829,54
116835,171
116842,0
116844,1
116850,21
116869,642
116871,42
116874,31
116875,150
116877,511
116882,219
116887,511
116897,326
116898,72
116901,167
116905,2
116906,1
116907,2
116908,3
116912,0
116913,2
116917,2
116918,3
116926,1
116932,4
116940,2
116941,1
116948,3
116949,1
116957,9
116958,0
116960,2
116962,8
116964,2
116968,14
116977,0
116978,1
116984,0
116989,32
116994,9
116996,2
116999,14
117001,6
117006,10
117015,3
117017,18
117030,36
117032,2
117035,1
117036,1
117037,1
117038,26
117041,39
117042,0
117051,16
117075,0
117077,0
117079,0
117080,0
117083,0
117085,0
117087,0
117089,1
117092,0
117093,1
117094,1
117098,6
117106,36
117109,12
117111,9
117112,11
117119,0
117122,1
117123,1
117126,0
117128,0
117131,3
117135,4
117146,0
117150,4
117152,22
117153,13
117169,148
117172,57
117175,2
117187,20
117190,41
117191,193
117194,26
117196,0
117205,11
117210,12
117212,0
117218,0
117222,4
117231,1
117233,1
117237,2
117239,29
117242,15
117243,2
117249,4
117250,1
117254,12
117260,6
117261,5
117262,5
117264,6
117266,5
117268,90
117270,124
117275,283
117278,77
117279,111
117282,245
117285,188
117297,66
117301,165
117302,105
117305,128
117306,66
117307,110
117310,31
117314,50
117316,33
117317,75
117324,65
117325,37
117329,24
117332,4
117333,2
117340,2
117352,323
117354,213
117358,9
117359,3
117362,10
117364,13
117365,6
117378,22
117380,0
117390,2
117392,0
117398,0
117400,0
117403,0
117406,11
117411,22
117417,16
117422,3
117426,4
117432,53
117433,44
117437,4
117438,0
117439,0
117445,2
117449,2
117461,39
117465,2
117468,4
117470,4
117471,1
117473,3
117476,0
117477,3
117478,1
117482,23
117492,0
117494,0
117497,0
117502,0
117504,0
117505,1
117524,0
117530,21
117532,64
117534,155
117543,198
117548,213
117553,179
117555,155
117557,127
117560,154
117562,643
117565,109
117566,64
117567,88
117568,54
117569,66
117577,54
117578,51
117582,56
117588,8
117592,164
117596,102
117597,92
117603,13
117611,14
117613,10
117615,38
117617,42
117622,51
117624,1
117628,21
117629,2
117632,138
117633,27
117637,2
117640,2
117645,1
117646,3
117652,6
117654,6
117659,995
117662,183
117665,127
117670,152
117671,215
117674,0
117679,0
117681,0
117691,0
117694,0
117702,1
117706,0
117709,1
117711,3
117712,91
117713,28
117720,117
117721,19
117722,2
117728,4
117729,7
117734,11
117742,0
117748,0
117749,0
117756,0
117764,0
117768,0
117775,0
117776,0
117780,4
117783,1
117794,0
117796,0
117802,0
117805,1
117806,7
117807,0
117810,0
117811,0
117813,1
117816,2
117827,0
117832,1
117833,1
117840,0
117841,1
117844,0
117845,0
117846,1
117847,4
117852,0
117862,5
117869,4
117870,3
117873,3
117887,3
117890,3
117891,6
117894,94
117895,64
117896,1
117898,21
117904,8
117906,1
117907,13
117908,4
117910,6
117914,0
117917,2
117918,2
117921,0
117923,1
117924,5
117927,0
117930,0
117934,1
117937,0
117941,1
117946,1
117950,1
117959,1
117968,4
117976,3
117985,51
117998,15
118003,3
118007,7
118013,2
118022,57
118024,7
118026,10
118030,11
118031,2
118037,12
118040,0
118049,0
118050,0
118051,0
118053,0
118054,1
118060,1
118064,0
118065,0
118068,3
118069,1
118075,0
118076,0
118079,0
118087,5
118091,0
118094,7
118096,6
118101,7
118103,5
118105,6
118110,12
118111,2
118114,6
118115,0
118116,5
118119,10
118121,1
118123,4
118129,7
118130,4
118134,1
118135,4
118139,4
118141,5
118142,2
118151,2
118159,3
118163,1
118168,1
118170,0
118171,0
118175,2
118178,25
118183,0
118185,35
118192,15
118199,28
118200,1
118202,3
118210,22
118218,21
118224,10
118225,8
118228,10
118230,14
118238,1
118242,1
118244,3
118245,2
118246,3
118248,3
118250,3
118251,2
118257,7
118258,2
118262,6
118267,5
118268,11
118269,2
118272,2
118273,11
118276,5
118280,4
118287,6
118294,32
118297,27
118308,18
118312,7
118320,18
118324,4
118326,24
118327,0
118328,5
118332,2
118333,11
118336,8
118340,0
118344,23
118345,0
118346,23
118347,17
118349,20
118353,30
118354,64
118355,27
118361,40
118364,16
118371,25
118374,8
118376,7
118381,7
118387,93
118389,215
118393,58
118406,60
118411,3
118412,2
118413,1
118417,6
118418,5
118420,1
118421,0
118426,6
118431,9
118432,8
118435,5
118436,2
118437,0
118443,1
118445,2
118448,1
118453,2
118455,3
118456,4
118460,8
118464,2
118465,420
118472,172
118474,2
118481,0
118486,0
118489,0
118498,1
118500,3
118502,0
118505,0
118508,0
118509,0
118520,0
118521,0
118523,0
118527,0
118528,0
118530,0
118539,1
118543,0
118545,0
118546,0
118549,0
118552,0
118557,11
118566,10
118567,4
118568,2
118569,18
118579,8
118582,0
118583,4
118585,7
118587,1
118589,4
118593,1
118596,0
118599,4
118601,0
118603,1
118604,1
118606,13
118614,10
118618,5
118623,1
118625,1
118627,1
118632,1
118640,1
118643,0
118644,2
118646,1
118660,1
118661,1
118666,2
118668,1
118672,2
118673,1
118685,0
118688,1
118689,3
118691,0
118696,2
118698,15
118699,29
118709,0
118711,8
118712,0
118714,16
118723,8
118724,689
118727,1
118734,5
118738,1
118739,37
118745,83
118755,210
118759,4
118760,4
118761,9
118771,6
118775,4
118783,11
118785,13
118788,2
118792,5
118793,3
118794,0
118795,3
118799,4
118812,24
118821,2
118823,1
118828,17
118841,58
118842,58
118849,2
118850,4
118852,8
118853,86
118854,60
118855,170
118858,37
118859,34
118860,50
118861,49
118870,103
118876,5
118881,22
118889,11
118890,10
118892,27
118896,23
118897,34
118900,34
118902,2
118905,13
118921,1
118928,3
118929,8
118935,2
118940,0
118942,0
118947,12
118951,1
118953,3
118956,0
118959,0
118961,1
118963,0
118969,0
118971,0
118972,1
118976,0
118980,0
118981,0
118982,0
118983,0
118987,0
118989,0
118993,0
119000,0
119002,0
119003,0
119004,1
119006,0
119012,0
119013,6
119015,2
119020,3
119026,0
119027,0
119028,0
119030,1
119032,2
119039,0
119047,2
119050,0
119051,1
119052,0
119053,0
119055,7
119060,0
119077,6
119080,2
119082,2
119086,2
119087,2
119088,2
119090,2
119096,6
119099,4
119102,1
119103,6
119104,14
119106,17
119109,3
119110,1
119117,1
119121,1
119123,0
119124,4
119125,2
119135,2
119146,195
119147,9
119148,15
119152,79
119159,48
119160,35
119162,17
119164,31
119165,43
119169,52
119171,27
119174,72
119175,18
119179,0
119180,16
119181,28
119183,1
119185,53
119186,1
119190,1
119195,10
119196,33
119210,17
119212,22
119214,25
119219,60
119220,39
119224,1684
119225,59
119226,30
119229,19
119232,57
119233,34
119235,1
119236,52
119237,34
119238,24
119242,24
119244,16
119255,23
119259,14
119263,3
119264,24
119265,0
119266,218
119270,22
119272,63
119275,2
119276,1
119277,105
119280,77
119286,8
119289,61
119293,15
119295,79
119296,4
119299,2
119315,8
119316,0
119317,14
119320,129
119322,1
119330,0
119348,20
119351,3
119353,4
119357,4
119360,2
119363,2
119366,2
119367,0
119370,2
119374,0
119376,6
119381,0
119384,5
119395,2
119397,6
119398,4
119408,2
119410,2
119415,4
119420,1
119422,2
119427,9
119433,8
119438,13
119439,19
119453,7
119455,9
119460,6
119466,83
119469,127
119475,227
119476,22
119481,1
119484,34
119485,3
119488,2
119492,0
119494,4
119510,0
119511,1
119513,0
119518,0
119530,4
119531,10
119533,6
119534,4
119536,4
119538,5
119540,2
119546,2
119558,1
119562,52
119564,20
119568,17
119569,10
119574,358
119578,12
119581,179
119583,18
119593,157
119599,133
119606,5
119616,2
119617,15
119618,9
119621,9
119626,17
119630,21
119632,19
119634,110
119638,60
119642,1
119643,1
119644,2
119646,0
119647,1
119650,0
119658,31
119660,13
119662,12
119671,31
119674,0
119678,26
119688,35
119691,0
119696,0
119698,1
119699,6
119707,9
119711,10
119715,15
119720,5
119725,3
119727,6
119733,0
119734,0
119735,4
119736,2
119740,2
119743,4
119747,3
119750,2
119765,2
119766,3
119769,0
119770,0
119773,0
119774,0
119775,3
119776,11
119777,1
119779,5
119780,1
119784,0
119786,1
119790,6
119793,2
119798,3
119813,1
119815,3
119816,1
119823,1
119824,2
119829,5
119833,1
119847,82
119848,127
119852,108
119854,105
119860,91
119864,221
119873,150
119874,143
119877,185
119879,214
119889,38
119898,1
119901,3
119907,6
119908,11
119917,5
119930,0
119934,0
119935,1
119943,51
119948,273
119951,2
119960,224
119973,10
119975,1
119979,89
119982,8
119984,0
119993,2
120004,2
120011,1
120014,0
120032,1
120035,3
120036,1
120038,4
120041,77
120042,1
120045,2
120048,3
120051,5
120052,3
120053,3
120059,5
120064,3
120068,6
120072,12
120082,8
120084,4
120087,4
120090,6
120094,9
120098,1
120101,5
120114,4
120119,2
120123,21
120128,28
120131,29
120136,24
120143,56
120144,29
120146,28
120148,48
120151,31
120154,34
120158,38
120159,24
120170,1
120171,1
120172,61
120173,1
120175,1
120177,35
120184,76
120185,43
120186,17
120191,1
120192,5
120198,2
120201,2
120203,2
120205,5
120206,4
120207,5
120208,0
120210,2
120216,3
120217,8
120219,4
120221,3
120223,3
120226,4
120229,4
120243,0
120247,5
120248,5
120250,70
120251,102
120252,11
120256,7
120258,107
120259,2
120263,24
120271,6
120272,11
120275,1
120276,3
120283,2
120284,1
120285,1
120288,2
120290,0
120293,1
120299,1
120300,0
120305,1
120306,167
120312,25
120314,208
120325,679
120333,105
120337,185
120339,125
120342,546
120345,126
120346,63
120347,169
120354,221
120355,77
120371,6
120372,190
120377,47
120380,8
120386,1
120387,84
120392,16
120394,47
120400,3
120403,3
120411,4837
120412,5063
120415,5567
120418,15
120419,5410
120423,1
120427,4
120430,5
120431,3
120440,7
120441,4
120443,18
120445,37
120447,52
120448,36
120453,29
120454,28
120456,36
120458,22
120461,36
120462,30
120475,30
120476,31
120479,26
120481,29
120483,5
120486,2
120495,109
120499,9
120501,10
120507,426
120510,6
120511,0
120519,171
120528,19
120534,3
120537,8
120542,19
120546,13
120554,9
120557,12
120558,6
120559,9
120562,13
120563,5
120567,5
120585,23
120592,2
120594,2
120595,7
120600,42
120607,117
120608,1
120627,189
120633,45
120635,128
120638,255
120639,29
120640,262
120642,16
120648,14
120659,5
120667,2
120668,4
120671,22
120688,243
120689,4
120690,617
120697,1
120702,0
120713,0
120718,0
120720,0
120723,0
120725,0
120734,1
120745,13
120750,11
120751,13
120754,107
120755,141
120758,244
120766,413
120767,293
120771,1784
120773,1992
120774,815
120779,375
120781,2463
120788,623
120800,17
120803,3
120804,1
120805,21
120809,68
120813,1
120816,2
120822,1
120829,1
120831,1
120834,1
120839,0
120843,1
120844,1
120845,0
120846,2
120848,1
120849,1
120850,0
120859,96
120860,5
120861,193
120865,116
120867,1
120868,15
120869,15
120872,187
120875,15
120876,2778
120877,2
120878,3484
120881,214
120884,37
120889,5591
120899,1
120908,12
120916,1
120917,29
120918,3
120919,45
120927,9
120928,3
120929,2
120935,5
120941,4
120943,3
120952,3
120953,6
120961,15
120965,0
120972,2
120974,4
120979,26
120985,24
120986,52
120987,52
120988,47
120991,109
121000,73
121005,80
121012,7
121016,11
121017,11
121019,4
121020,28
121021,11
121023,11
121026,19
121029,7
121035,19
121037,9
121038,12
121040,10
121053,2458
121057,4
121058,24
121059,5
121063,5089
121065,26
121068,24060
121069,2973
121079,7683
121081,3
121082,1
121086,4
121088,15
121090,9
121092,9
121093,5
121095,6
121096,36
121104,84
121106,20
121107,100
121110,7
121111,8
121115,8
121116,8
121122,130
121125,51
121130,4
121132,6
121133,7
121146,2885
121153,3400
121157,2
121158,7
121159,11
121163,3
121166,4
121185,22
121188,5
121192,12
121199,159
121202,194
121205,228
121210,240
121213,10
121217,208
121218,220
121220,219
121224,233
121226,226
121231,4
121232,2
121240,27
121243,3
121244,3
121248,1
121249,44
121255,3
121258,43
121260,55
121262,39
121263,147
121271,48
121276,2
121277,9
121292,41
121293,16
121294,2
121297,2
121298,18
121305,10
121325,1
121331,1
121336,7
121341,58
121343,32
121344,4
121346,7
121349,3
121350,16
121351,9
121353,40
121359,12
121361,13
121366,50
121368,79
121370,51
121374,33
121376,8
121379,10
121381,9
121384,30
121388,15
121392,9
121395,4
121396,3
121398,5
121399,6
121410,11
121417,3
121418,13
121419,0
121422,7
121429,2
121431,537
121436,5
121440,7
121443,7
121446,1
121448,6
121450,163
121452,4
121458,2
121469,17
121474,12
121476,6
121479,5
121482,3
121488,0
121489,2
121492,2
121494,2
121502,147
121504,21
121505,13
121508,10
121512,9
121513,14
121514,14
121527,2
121529,35
121549,1156
121553,8
121559,47
121561,3
121569,4
121572,19
121575,8
121578,59
121580,10
121585,11
121586,19
121588,29
121589,75
121590,55
121591,20
121592,92
121599,31
121600,98
121601,92
121607,54
121608,97
121609,64
121614,83
121615,131
121617,10
121618,53
121619,10
121629,14
121630,122
121631,476
121634,64
121642,4
121646,1
121647,1
121656,3
121658,1
121664,0
121688,1
121700,3
121706,13
121715,2
121718,3
121719,2
121725,3
121728,1
121734,15
121735,0
121740,20
121743,4
121757,3
121765,57
121770,4
121771,2
121781,80
121799,4
121801,13
121804,5
121805,5
121808,3
121816,2
121820,2
121825,2
121827,2
121829,2
121831,3
121833,2
121836,0
121839,1
121841,2
121845,1
121852,1
121854,4
121855,114
121858,61
121862,218
121863,75
121867,1
121868,0
121870,0
121872,36
121874,0
121875,0
121878,0
121879,0
121881,0
121884,0
121888,158
121890,149
121899,362
121903,166
121904,162
121911,131
121912,121
121917,168
121919,166
121924,4
121931,2
121934,5
121953,5
121954,33
121955,2
121956,487
121959,1
121963,142
121966,16
121967,54
121970,2
121976,35
121981,17
121990,16
121995,21
122007,31
122012,3
122013,242
122017,1
122031,0
122038,30
122044,22
122045,19
122046,128
122058,50
122061,3
122066,152
122070,30
122073,37
122082,15
122090,17
122103,13
122109,28
122112,33
122117,5
122123,7
122124,2
122125,3
122134,1
122138,8
122140,8
122145,6
122148,9
122149,10
122150,8
122151,10
122152,64
122154,6
122155,3
122161,2
122166,2
122175,86
122180,128
122183,23
122185,81
122187,48
122188,148
122191,68
122196,0
122199,0
122205,13
122206,25
122207,1
122213,16
122217,8
122218,45
122221,35
122222,3
122226,18
122228,31
122229,47
122230,45
122236,28
122237,3
122239,50
122241,21
122242,21
122251,5
122254,10
122255,16
122259,3
122267,12
122277,21
122280,7
122281,0
122283,1
122286,5
122289,4
122290,0
122292,7
122298,7
122311,13
122315,3
122316,140
122318,133
122324,0
122334,0
122335,1
122339,2
122341,3
122345,0
122348,1
122361,0
122362,0
122365,71
122367,103
122376,3
122378,8
122381,591
122383,131
122391,3
122393,0
122398,11
122402,93
122405,0
122406,2
122414,3
122415,2
122417,17
122420,2
122421,27
122424,9
122430,15
122438,5
122442,16
122444,74
122445,34
122447,16
122449,34
122454,4
122456,3
122457,2
122459,4
122460,11
122470,2
122476,6
122477,1
122478,5
122481,4
122482,2
122483,2
122489,2
122490,4
122491,1
122492,7029
122502,5422
122504,4468
122509,1434
122516,29
122517,36
122519,3
122520,2
122524,41
122529,155
122533,91
122536,256
122544,96
122545,6
122548,3
122549,3
122555,2
122565,35
122567,7
122569,4
122570,19
122571,15
122574,19
122577,57
122583,45
122584,11
122589,8
122593,2
122594,33
122605,18
122607,12
122612,17
122618,16
122622,24
122624,15
122627,12
122630,11
122631,15
122633,7
122649,12
122651,17
122657,12
122660,160
122663,4
122664,4
122666,7
122680,37
122683,57
122686,66
122689,549
122697,134
122700,180
122702,386
122706,2
122709,1719
122715,1211
122718,1098
122724,7
122727,12
122730,8
122737,27
122740,1
122749,1
122750,38
122758,0
122759,3
122761,2
122765,30
122768,40
122771,2
122783,31
122790,2
122791,5
122793,38
122795,27
122796,7
122798,20
122800,12
122802,28
122805,19
122808,71
122810,57
122814,2123
122816,1865
122822,1640
122824,1030
122826,5775
122827,8381
122842,29
122844,33
122847,8
122848,24
122852,29
122857,23
122860,154
122867,49
122868,166
122870,45
122872,2
122873,100
122878,181
122881,131
122882,7
122886,2
122887,70
122894,11
122895,15
122907,30
122909,0
122912,22
122918,44
122922,26
122923,44
122924,23
122929,5
122938,35
122944,4
122945,1
122950,8
122953,3
122954,9
122956,10
122959,4
122960,1
122966,2
122976,2
122979,3
122983,2
122986,166
122993,1
122994,3
122997,1
122998,3
123002,1
123003,23
123010,1
123017,1
123018,1
123019,1
123038,71
123042,0
123047,36
123050,38
123051,2434
123054,3
123055,3145
123061,263
123063,0
123064,1
123065,1
123066,0
123068,0
123070,0
123071,1
123077,6
123080,3
123085,26
123089,35
123093,50
123096,53
123098,28
123102,1315
123107,26
123111,22
123112,32
123118,26
123120,32
123131,45
123134,25
123135,10
123139,557
123159,3
123163,200
123167,480
123171,7
123173,19
123176,65
123177,5
123178,5
123179,84
123185,80
123188,23
123189,861
123190,20
123196,9
123199,27
123203,15
123207,16
123209,14
123211,41
123213,6
123214,25
123217,8
123222,4
123225,51
123228,4
123230,1
123231,12
123233,0
123236,0
123245,6
123254,1
123258,24
123262,10
123263,18
123265,4
123266,49
123274,47
123289,2
123292,5
123299,36
123315,2
123321,79
123323,3417
123324,3417
123328,95
123332,3523
123333,3695
123336,2322
123337,809
123339,76
123341,3319
123342,3319
123354,19
123355,21
123357,15
123359,14
123360,14
123362,15
123368,1
123370,32
123383,3
123386,807
123392,18
123396,244
123399,836
123401,4
123404,2
123405,1
123417,65
123419,3
123420,32
123421,30
123422,121
123428,37
123429,99
123433,56
123434,66
123439,33
123449,8
123450,0
123454,0
123455,0
123457,55
123460,2
123465,55
123468,4546
123469,32
123474,1
123476,24
123478,5
123486,89
123488,16
123498,0
123505,23
123506,4
123509,148
123510,8
123515,1
123523,139
123525,110
123528,53
123537,64
123547,268
123550,1255
123553,4
123555,1
123556,8
123560,1
123561,34
123563,8
123567,6
123568,9
123576,66
123591,3
123594,2
123595,2
123601,6
123605,6
123606,38
123607,5
123608,3
123613,3
123620,141
123624,15
123632,80
123634,68
123639,587
123640,184
123642,443
123645,81
123647,32
123648,71
123657,76
123660,59
123661,69
123663,64
123666,69
123670,59
123671,52
123672,53
123674,52
123681,67
123686,60
123690,54
123696,1
123697,1
123698,1
123701,4
123714,64
123715,28
123717,138
123721,519
123724,71
123728,47
123729,7
123738,5
123740,2698
123749,4083
123763,30
123765,19
123766,19
123774,312
123779,1633
123781,125
123785,24
123787,53
123788,53
123790,23
123793,48
123796,42
123798,6
123800,2
123801,2
123807,67
123817,7
123819,3
123828,2
123830,0
123831,6
123836,1
123838,1
123845,0
123849,4
123856,66
123858,57
123859,73
123868,45
123869,4
123880,0
123881,0
123886,1
123890,0
123892,1
123893,2
123895,1
123896,2
123904,1
123910,57
123920,41
123924,537
123926,127
123931,84
123940,9
123946,8
123947,84
123949,47
123955,38
123960,1
123972,48
123983,5
123986,13
123987,16
123991,3
123994,10
123995,5
123996,32
123999,3
124012,2
124017,4
124018,6
124020,3
124022,3
124023,46
124026,3
124033,36
124037,261
124044,75
124045,47
124047,154
124048,4
124051,320
124056,3
124057,677
124060,1
124061,70
124066,3
124070,0
124072,2359
124075,1
124081,6
124085,1
124088,3
124090,0
124096,1
124107,17
124113,1
124114,19
124117,2
124118,8
124121,3
124123,5
124125,10
124126,5
124131,5
124142,8
124156,69
124158,35
124159,9
124162,210
124163,498
124178,0
124180,0
124187,0
124189,10
124201,676
124205,590
124211,618
124216,566
124228,443
124234,473
124241,1133
124243,319
124250,8
124251,33
124255,103
124270,3
124272,3
124291,5
124293,4
124295,10
124302,2
124320,3534
124326,10
124327,86
124330,94
124331,108
124335,130
124336,130
124337,172
124346,190
124353,193
124354,193
124356,230
124358,210
124364,219
124365,238
124366,238
124368,257
124371,195
124373,223
124375,212
124378,241
124382,22
124386,34
124389,80
124392,37
124396,60
124398,5
124400,65
124401,3
124403,2
124405,0
124414,79
124421,8
124422,0
124424,0
124425,0
124428,66
124431,0
124436,0
124437,298
124440,0
124441,0
124448,378
124451,32
124456,15
124460,16
124462,36
124464,8
124465,18
124471,21
124473,16
124474,240
124475,17
124477,8
124481,28
124483,4
124485,22
124487,6
124490,26
124497,2
124504,44
124507,0
124511,2
124513,1
124514,2
124515,1
124516,11
124523,4
124525,5
124526,3
124528,7
124532,0
124533,0
124534,0
124537,0
124539,0
124540,0
124542,0
124551,1
124552,1
124554,0
124565,0
124566,0
124577,55
124589,244
124590,1
124607,2
124608,32
124613,5
124615,4
124617,23
124621,1
124626,0
124627,0
124630,0
124631,1
124638,2
124662,18
124668,6
124671,5
124679,33
124687,1
124701,209
124703,468
124705,195
124717,17422
124719,733
124720,67534
124728,4
124729,0
124732,54
124734,271
124740,128
124743,158
124747,314
124748,190
124754,78
124755,420
124758,44
124759,28
124761,32
124763,71
124771,17
124773,32
124777,6
124785,26
124786,35
124791,18
124792,61
124796,4
124798,33
124806,11
124808,62
124813,20
124817,1
124818,2
124819,4
124826,14
124827,3
124828,7
124837,2
124840,15
124854,326
124856,641
124861,114
124866,178
124870,111
124876,86
124878,6
124880,10
124885,10
124887,9
124889,11
124896,1
124915,167
124916,237
124917,272
124918,56
124919,178
124922,143
124936,49
124940,110
124941,166
124950,2
124960,3
124963,3
124966,4
124978,9
124980,24
124988,9
124989,6
124994,9
125003,0
125004,2
125013,1
125015,3
125020,1
125024,2
125033,1
125035,3
125047,4
125051,8
125052,154
125061,18
125062,20
125063,6
125078,11
125079,11
125080,12
125084,11
125091,13
125094,20
125100,4
125101,46
125106,16
125107,2
125112,2
125116,24
125119,456
125124,1
125125,1
125129,371
125132,1
125135,3
125143,285
125144,1
125145,417
125151,45
125154,19
125156,97
125160,69
125166,127
125169,288
125174,0
125175,0
125176,1
125180,0
125185,20
125193,0
125198,32
125199,3
125201,11
125202,5
125204,2
125205,3
125208,3
125210,2
125211,2
125212,84
125216,4
125218,53
125222,46
125224,0
125229,39
125250,26
125251,954
125257,2
125259,75
125260,1
125270,5
125279,5
125284,2
125285,2
125287,64
125294,73
125307,45
125309,75
125310,42
125311,79
125313,18
125316,16
125321,52
125328,5
125330,4
125335,12
125336,3
125339,3
125345,73
125347,2
125350,5
125353,5
125354,3
125359,1
125360,6
125368,84
125372,10
125373,13
125379,27
125380,9
125381,9
125382,0
125388,21
125390,22
125391,15
125392,14
125394,15
125401,129
125404,9
125408,1
125415,2
125417,5
125421,3
125422,4
125432,19
125435,2
125437,2
125441,2
125446,6
125447,5
125450,0
125452,281
125458,117
125461,330
125466,266
125473,3
125474,3
125476,7
125481,4
125490,27
125492,53
125493,6
125496,5
125500,33
125503,27
125504,2
125505,17
125506,42
125509,1
125513,2
125514,16
125516,0
125520,8
125523,0
125526,0
125530,0
125531,4
125535,2
125537,1
125542,0
125543,1
125545,13
125555,14
125556,2
125557,2
125559,0
125561,4
125564,9
125572,1
125573,3
125582,61
125587,26
125593,48
125602,62
125603,27
125610,22
125616,35
125626,3
125627,8
125634,17
125635,0
125639,2
125642,31
125643,10
125645,30
125649,43
125650,21
125651,33
125652,145
125657,4
125659,738
125663,80
125667,92
125675,3
125701,0
125706,3
125708,25
125709,16
125711,32
125714,22
125719,17
125723,10
125728,83
125731,86
125735,63
125739,0
125742,101
125748,221
125751,986
125752,1694
125754,214
125760,32
125766,236
125767,987
125768,1
125771,2
125775,4
125784,3
125788,651
125792,147
125804,5
125807,6
125816,35
125817,123
125818,10
125824,7
125829,6
125834,12
125839,5
125840,3
125855,6
125856,40
125858,17
125863,55
125865,17
125866,14
125884,10
125888,113
125889,153
125891,60
125894,75
125898,121
125899,104
125901,166
125916,15
125917,9
125919,2
125920,6
125926,626
125928,17
125932,98
125934,77
125935,411
125938,253
125947,95
125950,8
125958,39
125959,90
125962,1
125964,333
125971,98
125972,113
125973,73
125976,64
125980,104
125981,118
125983,125
125984,151
125986,121
125989,101
126003,232
126008,18
126012,7
126013,5
126016,32
126019,172
126021,108
126026,66
126027,26
126037,24
126043,66
126047,52
126048,40
126051,14
126053,30
126058,36
126060,48
126071,2
126072,1
126075,30
126076,54
126080,190
126085,32
126087,57
126088,1
126090,19
126094,76
126096,65
126105,73
126112,98
126113,73
126115,1
126117,7
126119,1
126126,4
126127,3
126138,7
126141,7
126143,4
126144,2
126146,101
126147,0
126149,21
126151,90
126152,5
126156,19
126157,13
126173,3
126176,2
126178,16
126179,0
126182,88
126183,0
126186,3
126189,11
126198,2
126202,0
126206,111
126209,16
126218,3
126220,1
126222,37
126227,15
126229,2
126234,10
126235,8
126236,348
126239,5
126240,25
126243,37
126246,203
126247,79
126249,4
126251,694
126252,17
126253,42
126254,50
126257,59
126261,19
126270,98
126272,1
126273,2
126276,10
126278,0
126279,18
126281,17
126283,52
126284,47
126289,49
126293,0
126298,71
126299,165
126300,8
126303,2
126305,25
126306,18
126308,10
126313,12
126314,15
126315,15
126316,23
126318,52
126320,12
126326,0
126331,1
126342,1
126345,0
126346,0
126358,3
126364,1
126374,26
126376,23
126381,29
126382,42
126383,26
126385,4
126387,1
126390,1
126399,9
126400,5
126405,1
126408,4
126415,0
126419,16
126422,0
126423,13
126426,2
126428,3
126430,1
126434,3
126438,1
126446,0
126450,2
126451,7
126454,2
126456,8
126461,2
126466,0
126467,3
126468,0
126469,0
126470,0
126474,0
126476,0
126480,0
126483,0
126486,0
126488,0
126492,1
126499,0
126500,1
126501,1
126503,1
126506,47
126511,2
126512,0
126515,0
126518,1
126520,1
126531,12
126536,2
126538,0
126550,10
126551,14
126555,10
126557,13
126573,55
126574,9
126576,24
126580,19
126583,47
126590,8
126598,1
126610,1
126621,1
126624,5
126630,1
126633,0
126638,0
126639,10
126643,11
126649,81
126650,179
126653,316
126657,180
126658,315
126659,478
126661,1268
126675,26
126696,3
126697,2
126698,1
126702,6
126707,3
126709,1
126713,4
126723,23
126730,17
126731,17
126733,24
126736,23
126738,24
126742,15
126743,16
126745,21
126751,76
126756,0
126757,84
126759,56
126768,53
126773,0
126784,71
126790,8
126794,8
126797,2
126804,8
126805,24
126808,6
126810,2
126816,3
126818,4
126819,6
126828,21
126829,1
126832,6
126833,7
126839,11
126842,6
126844,2
126855,13
126856,25
126861,13
126865,8
126871,52
126874,55
126875,8
126877,11
126878,25
126881,14
126883,6
126887,1
126892,1
126900,1
126903,0
126909,1
126911,1
126913,4
126926,4
126935,63
126948,32
126952,5
126953,7
126954,23
126955,1
126959,10
126960,12
126964,9
126966,5
126967,6
126971,2
126972,8
126974,2
126981,5
126988,13
126995,5
126999,1
127001,4
127002,2
127003,2
127008,25
127010,4
127014,3
127016,10
127022,24
127028,6
127039,0
127041,2
127047,0
127048,0
127051,3
127066,0
127067,0
127068,0
127070,0
127071,0
127089,0
127092,1
127095,1
127098,5
127107,1
127108,1
127111,0
127112,30
127122,2
127128,0
127129,1
127133,0
127135,0
127138,0
127140,0
127146,0
127151,1
127153,0
127159,1
127167,0
127168,0
127169,0
127174,0
127183,32
127184,45
127189,51
127193,2
127196,1
127199,0
127203,3
127212,23
127217,30
127220,28
127224,31
127226,26
127227,21
127233,41
127238,42
127240,41
127241,37
127243,77
127245,744
127246,475
127248,741
127251,1
127252,184
127255,117
127256,77
127264,3
127267,0
127268,0
127274,0
127286,0
127290,0
127292,0
127297,2
127306,0
127321,1
127322,3
127323,1
127324,1
127328,2
127329,1
127332,1
127334,1
127335,1
127336,1
127338,1
127345,1
127347,4
127349,0
127352,4
127355,1
127359,0
127368,4
127382,0
127384,0
127385,0
127391,1
127392,2
127393,1
127406,1
127407,1
127408,55
127409,18
127415,89
127419,79
127420,27
127422,34
127423,59
127425,36
127428,68
127431,34
127436,93
127441,91
127444,0
127446,1
127450,1
127455,13
127460,0
127461,0
127464,0
127476,0
127479,0
127482,1
127486,0
127492,0
127493,0
127494,0
127501,0
127502,1
127508,29
127509,7
127514,1
127517,1
127526,0
127528,0
127537,0
127539,4
127540,0
127549,2
127552,8
127554,1
127559,3
127560,5
127561,0
127562,0
127563,0
127564,0
127571,67
127572,83
127577,65
127579,57
127580,69
127581,61
127582,11
127584,67
127586,153
127595,138
127598,54
127601,76
127616,84
127620,87
127622,57
127623,45
127625,37
127629,29
127632,61
127633,35
127635,9
127638,6723
127640,26
127645,2
127657,13
127658,11
127660,1
127663,0
127667,7
127672,5
127677,18
127678,5
127685,3
127693,35
127696,1
127698,1
127699,3
127700,1
127703,1
127704,1
127709,1
127716,5
127718,1
127722,1
127724,3
127725,0
127731,0
127733,2
127737,3
127738,4
127740,58
127742,1
127743,69
127760,1
127762,1
127764,0
127766,1
127769,2
127772,1
127774,0
127775,2
127794,0
127801,0
127803,0
127808,0
127810,0
127820,12
127823,15
127825,42
127826,20
127831,22
127835,298
127838,19
127840,3
127844,49
127846,46
127849,73
127860,287
127873,75
127875,91
127876,85
127877,2
127885,0
127886,1
127895,0
127899,68
127902,17
127906,10
127913,7
127915,6
127916,5
127917,4
127921,77
127925,4
127943,0
127945,0
127953,1
127960,31
127963,147
127966,33
127970,67
127972,4
127973,11
127976,12
127980,9
127994,1
128004,7
128023,0
128024,0
128025,0
128026,0
128028,0
128029,0
128031,0
128039,0
128040,8
128041,2
128045,0
128056,1
128059,1
128061,1514
128062,0
128072,1
128082,1
128084,0
128089,4
128090,3
128092,0
128099,0
128104,11
128105,11
128107,154
128112,2
128116,225
128118,161
128121,382
128123,123
128125,103
128126,57
128132,89
128135,0
128137,0
128138,1
128142,2
128147,0
128148,0
128150,0
128151,185
128164,12
128175,3
128182,2
128184,0
128185,13
128189,1
128195,12
128197,10
128205,1
128209,4
128215,3
128230,0
128233,0
128235,0
128238,0
128242,0
128249,0
128252,0
128253,2
128255,0
128257,0
128258,3
128262,1
128266,5
128267,1
128269,1
128270,1
128271,1
128274,1
128276,0
128281,0
128282,6
128299,2029
128300,108
128311,0
128314,1
128316,3
128318,25
128321,25
128323,3
128325,169
128329,194
128336,258
128341,205
128347,278
128352,2519
128353,244
128355,111
128358,99
128360,113
128362,68
128367,2584
128369,1325
128371,2693
128373,302
128374,4260
128375,892
128376,1
128381,1
128384,0
128390,1
128392,0
128399,1
128400,0
128402,0
128411,1
128414,179
128421,1744
128424,30
128425,40
128427,129
128428,433
128430,441
128435,5031
128449,176
128451,28
128463,405
128469,315
128470,512
128472,834
128474,3775
128475,1886
128477,1621
128483,93
128489,69
128492,4
128494,0
128498,1
128499,55
128503,0
128506,1
128507,2
128509,1
128512,1
128515,5
128520,1
128521,4
128522,20
128524,15
128525,12
128534,1
128535,9
128537,7
128551,2
128552,1
128560,114
128563,29
128568,5
128571,7
128585,8
128604,26
128605,2
128609,25
128618,0
128620,11
128622,28
128624,11
128625,28
128633,3
128649,1
128650,7
128653,70
128666,2
128669,19
128671,1
128674,0
128675,0
128676,8
128678,2
128684,14
128691,3
128707,8
128708,6
128709,20
128711,18
128714,17
128719,18
128720,0
128723,48
128725,110
128726,20
128727,19
128728,4
128741,7
128744,1
128749,4
128757,12
128759,5
128766,3
128768,6
128772,9
128773,10
128775,4
128778,5
128781,0
128782,1
128788,10
128791,33
128792,2
128802,13
128806,41
128811,0
128823,0
128833,0
128835,0
128836,0
128837,0
128839,0
128843,1
128850,3
128852,0
128857,905
128862,617
128863,4
128864,8
128866,637
128869,194
128870,1
128873,199
128874,150
128875,859
128876,1078
128878,10
128879,24
128887,0
128892,4
128894,1
128901,20
128902,3
128906,62
128916,4
128924,2
128931,7
128933,6
128940,3
128946,45
128952,25
128953,291
128954,12
128958,0
128960,1
128963,1
128967,1
128968,1
128970,0
128976,1
128977,0
128980,0
128982,0
128983,0
128991,24
128993,17
128994,16
128997,1
128998,1
129003,1
129011,7
129015,562
129024,367
129025,340
129036,72
129039,17
129041,10
129043,2
129044,1
129047,0
129050,0
129053,1
129054,0
129055,2
129056,4
129059,3
129060,1
129070,4
129074,3
129076,278
129080,171
129092,0
129093,0
129100,2
129101,0
129115,4
129120,0
129125,4
129130,1
129135,0
129140,12
129143,2
129150,24
129151,0
129153,0
129155,5
129156,3
129157,2
129160,2
129165,2
129167,0
129190,0
129193,5
129202,0
129204,0
129213,39
129215,26
129216,41
129217,42
129218,38
129219,133
129223,8
129226,5
129230,7
129234,46
129235,52
129236,50
129239,53
129241,70
129247,59
129251,44
129256,56
129261,57
129262,33
129268,1032
129280,12064
129283,99
129288,1
129301,1
129302,16
129304,1
129305,0
129308,1
129309,190
129312,3
129313,2
129319,1
129321,8
129322,0
129328,1
129330,0
129335,0
129339,0
129344,0
129345,0
129347,1
129348,0
129354,0
129355,0
129360,2
129361,50
129363,2
129364,119
129369,0
129371,2
129377,4
129378,30
129379,349
129380,1
129382,5
129387,4
129388,7
129394,3
129400,4
129409,9
129417,1
129421,4
129430,8
129431,9
129433,4
129436,0
129438,25
129440,6
129446,0
129449,0
129456,2
129459,4
129464,0
129465,2
129473,0
129474,3
129478,4
129480,1
129483,0
129496,6
129502,0
129507,16
129509,0
129510,1
129515,0
129516,1
129521,0
129525,1
129532,0
129534,0
129542,1
129545,0
129547,1
129549,2
129551,1
129556,1
129560,0
129562,56
129563,0
129568,0
129574,70
129575,44
129580,18
129592,319
129595,341
129596,0
129599,3
129602,0
129605,5
129607,2
129610,6
129612,2
129617,9
129624,0
129627,0
129630,0
129631,1
129633,1
129635,0
129636,3
129638,3
129640,0
129644,10
129649,1
129650,0
129656,0
129657,1
129661,0
129662,0
129665,1
129667,0
129668,0
129671,0
129676,3
129680,1
129683,1
129685,5
129689,84
129691,1
129692,2
129698,12
129701,13
129702,4
129705,10
129712,3
129714,5
129721,15
129723,25
129724,23
129728,2
129732,26
129738,0
129740,1
129743,2
129755,3
129758,1
129759,0
129760,0
129762,1
129763,7
129768,5
129774,0
129776,6
129779,0
129792,17
129793,0
129795,0
129796,5
129798,3
129801,17
129802,13
129809,8
129813,11
129817,19
129820,18
129821,6
129828,11
129830,8
129831,4
129833,3
129840,3
129843,7
129844,4
129847,2
129848,2
129855,1
129857,0
129858,0
129862,2
129864,0
129878,2
129879,1
129883,2
129896,2
129900,1
129905,2
129907,28
129908,24
129910,30
129914,1
129916,0
129920,0
129921,1
129925,2
129928,1
129930,0
129931,0
129932,0
129933,1
129938,1
129940,1
129943,2
129944,1
129945,3
129946,2
129948,0
129949,0
129950,2
129954,7
129957,2
129961,1
129975,19
129996,3
129998,1
130002,1
130003,29
130010,7
130014,6
130015,3
130017,2
130024,787
130031,762
130045,24
130052,0
130056,3
130061,1
130070,1
130072,1
130083,1
130085,2
130087,0
130088,1
130105,0
130108,3
130109,1
130112,0
130115,4
130120,8
130127,6
130129,2
130131,4
130135,2
130138,16
130140,2
130142,1
130144,4
130150,2
130158,1
130159,9
130162,0
130166,1
130175,6
130176,13
130182,1
130183,2
130185,10
130187,2
130191,2
130193,1
130194,1
130197,1
130206,1
130210,26
130212,1
130214,3
130222,0
130224,0
130226,11
130230,0
130235,0
130246,0
130251,0
130252,0
130255,0
130256,1
130258,2
130260,0
130269,0
130273,0
130278,2
130283,0
130285,0
130289,17
130290,72
130294,116
130299,0
130304,0
130307,0
130313,0
130315,0
130317,0
130319,0
130323,0
130324,0
130325,0
130326,0
130328,0
130330,0
130332,0
130336,0
130337,0
130339,0
130342,0
130346,0
130352,7
130353,3
130357,0
130360,0
130361,0
130364,2
130370,1
130382,1
130384,1
130385,0
130390,0
130393,0
130394,2
130398,0
130405,6
130406,0
130408,2
130410,6
130411,1
130415,1
130422,1
130425,10
130429,0
130434,2
130441,11
130443,2
130444,299
130445,26
130448,262
130454,2
130471,42
130472,46
130474,68
130476,54
130480,26
130482,28
130484,33
130487,63
130491,10
130492,76
130500,0
130503,1
130506,0
130507,1
130510,0
130515,1
130517,0
130521,3
130534,1
130539,1
130540,0
130550,0
130552,0
130556,1
130558,0
130559,9
130561,5
130574,43
130582,0
130584,3
130587,2
130588,1
130590,2
130591,2
130593,1
130594,1
130596,2
130603,8
130608,7
130611,1
130612,34
130614,0
130616,233
130625,1
130628,1
130629,0
130630,1
130632,0
130633,0
130634,0
130635,0
130642,2
130644,30
130646,126
130647,217
130648,110
130658,158
130660,119
130664,434
130673,114
130682,348
130684,6
130686,61
130689,4
130693,3
130700,23
130724,51
130727,8
130728,25
130735,69
130737,7
130742,23
130743,1
130748,7
130751,12
130752,8
130758,6
130774,15
130778,19
130784,99
130785,1210
130786,84
130787,197
130788,35
130793,24
130802,157
130808,912
130809,677
130811,204
130816,264
130819,194
130820,118
130825,422
130836,10
130840,4
130842,4
130843,1
130844,1
130848,15
130857,79
130862,84
130866,3
130871,18
130872,106
130878,0
130880,1
130882,2
130883,0
130884,0
130887,2
130888,9
130890,25
130899,18
130906,97
130908,176
130911,3
130917,34
130924,10
130926,7
130927,8
130935,0
130938,44
130939,132
130942,74
130947,8
130948,4
130968,173
130973,9
130980,2
130982,0
130988,296
130992,5
130997,4
131005,12
131008,117
131011,59
131022,94
131026,1
131031,2
131034,1
131036,24
131044,17
131051,1
131058,24
131061,20
131062,1773
131063,1773
131064,312
131067,200
131070,1633
131083,3
131086,42
131088,6
131089,6
131091,2
131092,2
131094,44
131099,67
131103,52
131108,96
131110,26
131112,1120
131113,7
131114,67
131118,63
131120,0
131124,35
131125,32
131132,20
131136,12
131139,5
131143,0
131148,1
131149,18
131163,3
131165,12
131169,11
131172,12
131180,28
131192,34
131193,46
131200,39
131211,32
131212,29
131215,31
131220,3
131223,2
131224,3
131230,42
131231,1
131232,69
131236,3
131240,0
131252,17
131253,1
131255,2
131256,1
131257,1
131258,3
131261,2
131262,10
131266,1
131273,3
131281,3
131284,3
131292,20
131297,79
131298,88
131304,34
131311,56
131314,47
131315,51
131325,5
131328,0
131333,4
131336,0
131337,1
131345,0
131347,0
131350,0
131353,1
131354,2
131356,1
131364,1
131365,5
131366,0
131370,2
131383,1
131385,1
131395,15
131399,5
131401,24
131404,5
131415,58
131419,33
131436,23
131437,5
131439,4
131446,16
131447,12
131449,42
131459,4
131460,3
131463,1
131465,22
131479,5
131487,10
131491,22
131494,14
131497,19
131503,8
131506,10
131508,24
131512,33
131514,44
131520,68
131521,34
131525,36
131526,120
131539,25
131540,47
131546,35
131547,46
131559,251
131562,281
131563,5
131567,106
131568,158
131578,121
131579,317
131580,343
131591,0
131595,0
131598,16
131600,5
131601,29
131602,5
131606,1
131616,2
131623,0
131626,0
131627,20
131629,18
131630,17
131636,7
131640,0
131656,6
131660,44
131661,3
131663,5
131664,8
131665,3
131666,4
131670,14
131672,2
131676,14
131677,26
131684,19
131690,10
131698,0
131699,1
131700,0
131708,1
131713,0
131716,0
131731,43
131733,82
131736,52
131744,52
131745,48
131747,42
131748,51
131761,18
131781,11
131786,81
131790,13
131791,17
131798,24
131799,13
131800,7
131802,85
131803,0
131805,1
131808,4
131813,5
131814,7
131819,1
131823,6
131837,1
131860,2
131874,23
131877,13
131880,1
131881,44
131885,34
131886,17
131889,35
131891,2
131901,1
131905,2
131906,2
131907,4
131912,15
131914,1
131915,1
131917,5
131919,1
131920,1
131923,6
131929,0
131930,0
131935,0
131938,0
131940,0
131941,0
131943,0
131951,18
131953,1
131961,0
131970,1
131972,0
131974,1
131981,1
131985,0
131996,1871
131999,12
132005,7
132006,8
132007,9
132008,8
132009,13
132010,11
132011,4
132012,8
132018,13
132024,16
132030,11
132036,9
132037,21
132040,41
132046,19
132048,12
132053,0
132060,1
132064,0
132073,1
132079,4
132081,0
132086,0
132101,2
132114,0
132119,0
132121,3
132125,10
132128,8
132130,11
132135,5
132136,14
132139,14
132144,17
132157,19
132162,2
132164,6
132170,7
132173,2
132174,1
132175,1
132181,0
132195,3
132211,4
132221,3
132225,6
132226,4
132232,8
132234,7
132238,1
132239,7
132243,6
132244,14
132246,0
132249,18
132255,9
132256,0
132258,2
132259,5
132260,5
132261,10
132266,3
132270,0
132271,7
132274,22
132282,24
132285,26
132291,0
132301,45
132303,6
132304,5
132308,7
132309,6
132311,2
132315,49
132318,3
132321,30
132330,2
132337,90
132346,235
132350,50
132355,156
132356,142
132362,10
132372,0
132377,6
132380,3
132382,10
132384,1
132386,0
132390,0
132391,2
132395,9
132398,1
132403,1
132407,8
132417,3
132422,17
132428,22
132443,9
132445,11
132447,2
132458,7
132460,11
132463,27
132466,4
132468,29
132470,31
132471,33
132472,55
132475,4
132476,69
132479,3
132480,3
132484,1
132486,0
132502,0
132513,1
132519,0
132522,2
132525,0
132526,0
132529,0
132530,0
132534,1
132535,1
132537,1
132545,2
132554,4
132555,8
132560,5
132571,9
132582,2
132587,2
132594,6
132596,3
132597,5
132601,2
132604,0
132609,5
132612,58
132617,32
132618,539
132621,37
132624,439
132631,13
132636,1
132638,877
132640,64
132641,67
132643,71
132648,0
132654,2
132662,2
132663,0
132665,1
132670,1
132672,4
132678,0
132679,4
132690,0
132703,0
132704,0
132709,10
132715,18
132718,2
132727,5
132730,11
132736,4
132740,3
132743,9
132756,2
132760,13
132766,16
132767,30
132769,17
132772,1
132779,0
132788,18
132790,1
132795,5
132797,1162
132799,294
132800,17
132803,0
132808,4
132817,3
132822,0
132827,1
132830,3
132836,3
132839,12
132843,2
132846,0
132856,1
132860,1
132864,4
132865,0
132866,1
132873,0
132875,0
132890,22
132891,32
132892,27
132900,0
132903,0
132905,1
132909,1
132911,1
132912,2
132918,3
132919,0
132921,1
132923,2
132926,1
132935,16
132939,0
132941,1
132951,2
132954,0
132957,3
132967,1
132972,0
132978,13
132988,8
132991,5
132998,0
133004,1058
133010,3
133011,0
133014,1
133016,7
133020,0
133025,2
133026,3
133030,4
133034,1
133038,8
133039,3
133043,3
133044,6
133046,2
133047,3
133049,0
133051,4
133060,9
133062,19
133064,4
133065,11
133069,10
133071,63
133072,8
133073,6
133077,2
133080,0
133082,508
133084,3659
133088,504
133089,597
133092,961
133095,932
133096,482
133102,568
133108,617
133110,662
133118,2
133121,2
133127,0
133131,0
133135,9
133137,130
133138,1
133142,672
133144,1
133152,53
133158,25
133160,19
133161,111
133162,26
133164,82
133165,32
133171,13
133196,0
133197,0
133198,4
133201,1
133202,2
133209,3
133217,4
133218,3
133219,79
133220,242
133224,435
133226,11
133229,10
133231,0
133237,7
133242,37
133244,250
133252,358
133253,295
133260,158
133264,286
133271,65
133273,175
133275,1
133277,1
133279,1
133280,0
133282,10
133290,3
133297,2
133298,0
133301,259
133302,4
133304,4
133309,14
133312,1
133315,3
133316,3
133320,1
133323,0
133333,1
133340,0
133348,1
133351,0
133352,3
133358,0
133363,1
133365,0
133366,1
133371,2
133380,4
133381,8
133382,10
133391,4
133394,9
133399,19
133402,1
133409,34
133420,16
133427,0
133436,1
133439,2
133445,0
133446,0
133450,3
133454,2
133459,1
133462,2
133465,1
133467,2
133477,6
133483,1
133485,3
133486,3
133491,5
133492,2
133503,2
133506,6
133509,4
133513,1
133515,83
133520,8
133528,124
133530,3
133534,60
133537,2
133538,2
133547,1
133548,39
133551,3
133554,207
133557,160
133560,0
133566,1
133569,21
133570,11
133573,2
133574,2
133578,2
133581,1
133582,39
133584,10
133586,6
133591,3
133594,1
133595,1
133599,2
133601,1
133604,1
133617,16
133623,3
133624,4
133627,16
133631,1
133635,1
133636,1
133646,2
133647,3
133650,20
133654,7
133655,8
133662,10
133665,9
133667,1
133668,7
133673,11
133676,6
133686,1
133690,3
133698,5
133701,1
133702,1
133705,1
133712,5
133714,7
133720,6
133722,7
133736,0
133740,1
133743,11
133744,12
133746,0
133747,7
133748,8
133752,1
133753,4
133754,2
133755,0
133757,0
133760,4
133762,44
133769,1
133770,3
133772,1
133773,2
133777,1
133778,17
133782,4
133783,4
133788,2
133790,8
133798,8
133801,37
133810,12
133811,13
133819,13
133821,133
133825,9
133827,6
133828,5
133837,4
133846,2
133847,5
133851,3
133855,1
133857,2
133869,1
133873,2
133874,0
133875,2
133882,13
133886,0
133890,2
133897,0
133899,1
133901,1
133903,2
133908,1
133910,11
133919,22
133933,4
133938,20
133940,15
133942,457
133949,17
133954,1259
133955,485
133956,27
133960,18
133977,8
133980,6
133986,4
133989,0
133990,9
133996,13
134004,6907
134011,10
134018,26
134019,6184
134023,6614
134024,10
134025,9419
134030,13
134044,14
134045,29
134048,9
134049,15
134054,14
134055,13
134066,7
134072,2
134073,0
134076,1
134081,0
134083,9
134086,1
134092,37
134094,2
134103,0
134104,16
134110,30
134111,2
134120,1
134128,1
134130,0
134134,0
134137,2
134139,0
134148,0
134152,0
134155,0
134158,17
134161,25
134164,17
134165,29
134172,35
134180,2
134185,1
134186,0
134190,2
134192,0
134193,0
134201,37
134208,0
134213,124
134217,2
134221,0
134222,0
134225,0
134227,0
134235,9
134237,5
134238,9
134243,0
134249,5
134251,0
134256,37
134260,0
134265,5
134266,44
134268,6
134273,3
134274,2
134282,4
134288,6
134290,6
134292,4
134297,5
134298,1
134304,1
134311,11
134321,0
134328,2
134329,3
134335,4
134336,4
134337,3
134345,11
134346,5
134353,22
134360,4
134361,1
134366,7
134367,19
134368,4
134369,3
134371,16
134372,18
134384,141
134391,0
134392,3
134395,0
134401,1
134405,1
134408,0
134412,1
134413,0
134415,1
134423,14
134429,14
134436,3
134439,21
134465,1
134466,7
134484,0
134486,0
134489,4
134491,3
134497,3
134500,3
134506,2
134512,1
134514,1
134517,1
134518,2
134520,1
134524,4
134532,9
134534,2
134540,7
134549,5
134550,1
134551,0
134554,14
134557,5
134559,4
134581,4
134584,7
134603,8
134604,0
134606,9
134609,5
134611,0
134617,6
134618,10
134619,2
134623,3
134627,2
134630,3
134640,1
134643,6
134645,1
134646,0
134648,3
134649,1
134656,3
134658,13
134661,0
134668,1795
134670,16
134671,13
134672,13
134674,13
134682,1
134684,34
134688,5
134693,5
134694,51
134696,36
134700,410
134701,23
134709,28
134716,4
134717,2
134720,2
134724,3
134726,2
134728,1
134729,2
134734,5
134735,5
134736,4
134737,2
134757,7
134763,10
134764,3
134766,4
134772,3
134775,4
134786,4
134787,3
134788,1
134789,1
134796,1
134799,5
134804,4
134805,1
134810,2
134814,0
134823,5
134824,2
134833,1
134837,8
134838,7
134843,4
134847,2
134849,3
134851,43
134856,48
134857,62
134860,5
134861,0
134863,15
134870,16
134872,9
134880,1
134883,0
134887,0
134891,1
134906,4
134908,9
134912,9
134918,8
134920,4
134922,0
134924,3
134925,0
134926,1
134929,6
134931,3
134934,2
134939,2
134949,3
134952,121
134955,159
134958,179
134962,3104
134965,946
134966,344
134975,682
134988,3
134993,0
134996,0
135006,0
135007,1
135010,0
135013,0
135015,0
135016,0
135020,0
135021,0
135030,0
135032,1
135042,1
135045,1
135049,4
135061,0
135062,1
135069,0
135072,1
135074,1
135087,0
135090,1
135091,1
135092,2
135094,1
135099,4
135102,0
135104,0
135109,23
135115,0
135116,0
135119,6
135123,33
135124,31
135131,1
135137,3
135138,1
135146,5
135149,0
135154,0
135156,0
135166,17
135169,20
135171,7
135180,20
135184,4
135191,11
135199,4
135201,3
135207,9
135225,12
135227,15
135228,8
135230,1
135234,25
135235,1
135236,0
135238,1
135245,0
135252,1
135254,0
135255,0
135257,0
135263,0
135264,1
135275,1
135276,0
135278,1
135280,0
135285,0
135293,0
135294,3
135295,1
135310,1
135317,65
135318,11
135319,66
135321,24
135330,25
135332,340
135333,2
135335,50
135339,30
135346,3
135349,110
135355,3
135357,13
135365,1
135366,3
135370,9
135376,1
135383,4
135384,2
135385,5
135388,1
135392,0
135395,3
135413,0
135420,2
135421,1
135424,5
135432,9
135434,4
135441,1
135445,2
135446,2
135450,0
135451,0
135459,1
135469,4
135470,2
135477,11
135478,2
135487,3
135488,0
135491,1
135494,1
135499,7
135515,7
135516,8
135518,27
135521,1
135530,12
135531,2
135534,10
135535,1
135537,10
135541,12
135542,13
135543,3
135544,3
135563,21
135564,3
135574,83
135582,32
135585,22
135592,0
135593,0
135595,0
135600,1
135603,1
135604,1
135607,0
135608,1
135612,0
135613,0
135618,1
135620,1
135623,1
135624,1
135634,1
135646,236
135649,16
135650,145
135668,38
135670,17
135672,4
135673,25
